1,-1,0.00067091,0.00067136
2,-1,0.00067224,0.00067269
3,-1,0.00067071,0.00067116
4,-1,0.00067071,0.00067116
5,-1,0.00067137,0.00067182
6,-1,0.00067075,0.0006712
7,-1,0.00067071,0.00067116
8,-1,0.00067201,0.00067246
9,-1,0.00067077,0.00067122
10,-1,0.00067085,0.0006713
11,-1,0.00067072,0.00067117
12,-1,0.00067077,0.00067122
13,-1,0.00067113,0.00067158
14,-1,0.00067128,0.00067174
15,-1,0.00067259,0.00067304
16,-1,0.00067095,0.0006714
17,-1,0.00067072,0.00067117
18,-1,0.00067114,0.00067159
19,-1,0.00067105,0.0006715
20,-1,0.00067082,0.00067127
21,-1,0.0006724,0.00067285
22,-1,0.00067159,0.00067204
23,-1,0.00067163,0.00067208
24,-1,0.00067143,0.00067188
25,-1,0.00067071,0.00067116
26,-1,0.00067072,0.00067117
27,-1,0.00067083,0.00067128
28,-1,0.00067104,0.00067149
29,-1,0.00067288,0.00067333
30,-1,0.00067071,0.00067116
31,-1,0.00067148,0.00067193
32,-1,0.00067076,0.00067121
33,-1,0.00067081,0.00067126
34,-1,0.00067113,0.00067158
35,-1,0.00067078,0.00067123
36,-1,0.00067076,0.00067121
37,-1,0.00067071,0.00067116
38,-1,0.00067076,0.00067121
39,-1,0.00067071,0.00067116
40,-1,0.00067396,0.00067442
41,-1,0.00067111,0.00067156
42,-1,0.00067077,0.00067122
43,-1,0.00067094,0.00067139
44,-1,0.00067071,0.00067116
45,-1,0.00067139,0.00067184
46,-1,0.00067202,0.00067247
47,-1,0.00067072,0.00067117
48,-1,0.00067071,0.00067116
49,-1,0.00067071,0.00067116
50,-1,0.00067071,0.00067116
51,-1,0.00067071,0.00067116
52,-1,0.00067071,0.00067116
53,-1,0.00067074,0.00067119
54,-1,0.00067071,0.00067116
55,-1,0.00067207,0.00067253
56,-1,0.00067208,0.00067253
57,-1,0.00067071,0.00067116
58,-1,0.00067097,0.00067142
59,-1,0.00067071,0.00067116
60,-1,0.00067071,0.00067116
61,-1,0.00067071,0.00067116
62,-1,0.00067071,0.00067116
63,-1,0.00067071,0.00067116
64,-1,0.00067074,0.00067119
65,-1,0.00067074,0.00067119
66,-1,0.00067105,0.0006715
67,-1,0.00067071,0.00067116
68,-1,0.00067125,0.0006717
69,-1,0.00067072,0.00067117
70,-1,0.00067106,0.00067151
71,-1,0.00067071,0.00067116
72,-1,0.00067263,0.00067308
73,-1,0.00067101,0.00067146
74,-1,0.00067071,0.00067116
75,-1,0.00067309,0.00067354
76,-1,0.00067136,0.00067182
77,-1,0.00067072,0.00067117
78,-1,0.00067071,0.00067116
79,-1,0.000671,0.00067145
80,-1,0.00067077,0.00067122
81,-1,0.00067107,0.00067152
82,-1,0.00067253,0.00067298
83,-1,0.00067071,0.00067116
84,-1,0.00067075,0.0006712
85,-1,0.00067173,0.00067218
86,-1,0.00067071,0.00067116
87,-1,0.00067108,0.00067153
88,-1,0.00067071,0.00067116
89,-1,0.00067101,0.00067146
90,-1,0.00067136,0.00067181
91,-1,0.00067071,0.00067116
92,-1,0.00067075,0.0006712
93,-1,0.00067074,0.00067119
94,-1,0.00067071,0.00067116
95,-1,0.00067086,0.00067131
96,-1,0.00067071,0.00067116
97,-1,0.00067072,0.00067117
98,-1,0.00067077,0.00067122
99,-1,0.0006725,0.00067295
100,-1,0.00067148,0.00067193
101,-1,0.00067291,0.00067336
102,-1,0.00067081,0.00067126
103,-1,0.00067109,0.00067154
104,-1,0.00067071,0.00067116
105,-1,0.00067071,0.00067116
106,-1,0.00067071,0.00067116
107,-1,0.00067071,0.00067116
108,-1,0.00067071,0.00067116
109,-1,0.00067148,0.00067193
110,-1,0.00067085,0.0006713
111,-1,0.00067071,0.00067116
112,-1,0.00067071,0.00067116
113,-1,0.00067085,0.0006713
114,-1,0.00067076,0.00067121
115,-1,0.00067158,0.00067203
116,-1,0.00067073,0.00067118
117,-1,0.00067178,0.00067224
118,-1,0.00067251,0.00067296
119,-1,0.00067109,0.00067154
120,-1,0.00067071,0.00067116
121,-1,0.00067156,0.00067201
122,-1,0.00067071,0.00067116
123,-1,0.00067077,0.00067122
124,-1,0.00067254,0.00067299
125,-1,0.00067075,0.0006712
126,-1,0.00067071,0.00067116
127,-1,0.00067071,0.00067116
128,-1,0.00067072,0.00067117
129,-1,0.00067074,0.00067119
130,-1,0.00067074,0.00067119
131,-1,0.00067071,0.00067116
132,-1,0.00067121,0.00067166
133,-1,0.00067071,0.00067116
134,-1,0.00067071,0.00067116
135,-1,0.00067071,0.00067116
136,-1,0.00067091,0.00067136
137,-1,0.00067115,0.0006716
138,-1,0.00067148,0.00067193
139,-1,0.00067071,0.00067116
140,-1,0.00067125,0.00067171
141,-1,0.00067073,0.00067118
142,-1,0.00067082,0.00067127
143,-1,0.00067073,0.00067118
144,-1,0.00067545,0.00067591
145,-1,0.00067071,0.00067116
146,-1,0.00067071,0.00067116
147,-1,0.00067085,0.0006713
148,-1,0.00067071,0.00067116
149,-1,0.0006708,0.00067125
150,-1,0.00067244,0.00067289
151,-1,0.00067094,0.00067139
152,-1,0.00067105,0.0006715
153,-1,0.00067071,0.00067116
154,-1,0.00067071,0.00067116
155,-1,0.00067126,0.00067171
156,-1,0.00067095,0.0006714
157,-1,0.00067081,0.00067126
158,-1,0.00067104,0.00067149
159,-1,0.00067072,0.00067117
160,-1,0.00067194,0.00067239
161,-1,0.00067071,0.00067116
162,-1,0.00067126,0.00067171
163,-1,0.00067077,0.00067122
164,-1,0.00067071,0.00067116
165,-1,0.00067136,0.00067181
166,-1,0.00067072,0.00067117
167,-1,0.00067253,0.00067298
168,-1,0.00067235,0.00067281
169,-1,0.00067071,0.00067116
170,-1,0.00067076,0.00067121
171,-1,0.00067071,0.00067116
172,-1,0.00067108,0.00067153
173,-1,0.00067103,0.00067148
174,-1,0.00067071,0.00067116
175,-1,0.00067072,0.00067117
176,-1,0.00067071,0.00067116
177,-1,0.00067266,0.00067311
178,-1,0.00067087,0.00067132
179,-1,0.00067123,0.00067168
180,-1,0.00067171,0.00067217
181,-1,0.00067193,0.00067238
182,-1,0.00067136,0.00067181
183,-1,0.00067071,0.00067116
184,-1,0.00067072,0.00067117
185,-1,0.00067099,0.00067144
186,-1,0.00067071,0.00067116
187,-1,0.00067108,0.00067153
188,-1,0.00067081,0.00067126
189,-1,0.00067191,0.00067236
190,-1,0.0006709,0.00067135
191,-1,0.00067416,0.00067461
192,-1,0.00067073,0.00067118
193,-1,0.0006714,0.00067185
194,-1,0.00067072,0.00067117
195,-1,0.00067071,0.00067116
196,-1,0.00067071,0.00067116
197,-1,0.00067071,0.00067116
198,-1,0.00067072,0.00067117
199,-1,0.00067071,0.00067116
200,-1,0.00067071,0.00067116
201,-1,0.00067072,0.00067117
202,-1,0.00067246,0.00067291
203,-1,0.00067072,0.00067117
204,-1,0.00067114,0.00067159
205,-1,0.00067115,0.0006716
206,-1,0.00067071,0.00067116
207,-1,0.00067076,0.00067121
208,-1,0.00067103,0.00067149
209,-1,0.00067108,0.00067153
210,-1,0.00067126,0.00067171
211,-1,0.00067105,0.0006715
212,-1,0.00067076,0.00067121
213,-1,0.00067071,0.00067116
214,-1,0.00067071,0.00067116
215,-1,0.00067071,0.00067116
216,-1,0.00067072,0.00067117
217,-1,0.00067237,0.00067282
218,-1,0.00067141,0.00067186
219,-1,0.00067179,0.00067224
220,-1,0.00067092,0.00067137
221,-1,0.00067071,0.00067116
222,-1,0.00067137,0.00067182
223,-1,0.00067115,0.0006716
224,-1,0.00067297,0.00067343
225,-1,0.00067072,0.00067117
226,-1,0.00067071,0.00067116
227,-1,0.0006709,0.00067135
228,-1,0.00067071,0.00067116
229,-1,0.0006719,0.00067235
230,-1,0.00067072,0.00067117
231,-1,0.00067071,0.00067116
232,-1,0.00067071,0.00067116
233,-1,0.00067071,0.00067116
234,-1,0.00067071,0.00067116
235,-1,0.00067072,0.00067117
236,-1,0.00067071,0.00067116
237,-1,0.00067071,0.00067116
238,-1,0.00067315,0.0006736
239,-1,0.00067072,0.00067117
240,-1,0.00067071,0.00067116
241,-1,0.00067259,0.00067304
242,-1,0.00067071,0.00067116
243,-1,0.00067099,0.00067144
244,-1,0.00067104,0.00067149
245,-1,0.000671,0.00067145
246,-1,0.00067071,0.00067116
247,-1,0.00067071,0.00067116
248,-1,0.00067071,0.00067116
249,-1,0.00067121,0.00067166
250,-1,0.00067078,0.00067123
251,-1,0.00067071,0.00067116
252,-1,0.00067071,0.00067116
253,-1,0.00067082,0.00067127
254,-1,0.00067071,0.00067116
255,-1,0.00067075,0.0006712
256,-1,0.00067138,0.00067183
257,-1,0.00067146,0.00067191
258,-1,0.00067071,0.00067116
259,-1,0.00067258,0.00067304
260,-1,0.00067071,0.00067116
261,-1,0.00067071,0.00067116
262,-1,0.00067082,0.00067127
263,-1,0.00067071,0.00067116
264,-1,0.00067259,0.00067305
265,-1,0.00067071,0.00067116
266,-1,0.00067071,0.00067116
267,-1,0.00067083,0.00067128
268,-1,0.00067118,0.00067163
269,-1,0.00067136,0.00067181
270,-1,0.00067071,0.00067116
271,-1,0.00067071,0.00067116
272,-1,0.00067071,0.00067116
273,-1,0.00067118,0.00067163
274,-1,0.00067075,0.0006712
275,-1,0.00067073,0.00067118
276,-1,0.00067071,0.00067116
277,-1,0.00067081,0.00067126
278,-1,0.00067382,0.00067428
279,-1,0.00067072,0.00067117
280,-1,0.00067086,0.00067131
281,-1,0.0006708,0.00067125
282,-1,0.00067089,0.00067134
283,-1,0.00067169,0.00067215
284,-1,0.00067072,0.00067117
285,-1,0.00067071,0.00067116
286,-1,0.00067071,0.00067116
287,-1,0.00067074,0.00067119
288,-1,0.0006722,0.00067265
289,-1,0.00067163,0.00067209
290,-1,0.00067075,0.0006712
291,-1,0.00067071,0.00067116
292,-1,0.00067071,0.00067116
293,-1,0.0006714,0.00067185
294,-1,0.00067071,0.00067116
295,-1,0.00067088,0.00067133
296,-1,0.00067119,0.00067164
297,-1,0.00067078,0.00067123
298,-1,0.00067121,0.00067166
299,-1,0.00067137,0.00067183
300,-1,0.00067076,0.00067121
301,-1,0.00067073,0.00067118
302,-1,0.00067071,0.00067116
303,-1,0.00067109,0.00067154
304,-1,0.00067071,0.00067116
305,-1,0.00067079,0.00067124
306,-1,0.00067071,0.00067116
307,-1,0.00067078,0.00067123
308,-1,0.00067072,0.00067117
309,-1,0.00067072,0.00067117
310,-1,0.00067075,0.0006712
311,-1,0.00067073,0.00067118
312,-1,0.00067075,0.0006712
313,-1,0.00067095,0.0006714
314,-1,0.00067071,0.00067116
315,-1,0.00067082,0.00067127
316,-1,0.00067106,0.00067151
317,-1,0.00067137,0.00067182
318,-1,0.00067071,0.00067116
319,-1,0.00067071,0.00067116
320,-1,0.00067071,0.00067116
321,-1,0.00067116,0.00067162
322,-1,0.00067071,0.00067116
323,-1,0.00067079,0.00067124
324,-1,0.00067071,0.00067116
325,-1,0.00067074,0.00067119
326,-1,0.0006714,0.00067185
327,-1,0.00067072,0.00067117
328,-1,0.00067077,0.00067122
329,-1,0.00067072,0.00067117
330,-1,0.00067071,0.00067116
331,-1,0.00067073,0.00067118
332,-1,0.00067172,0.00067217
333,-1,0.00067134,0.00067179
334,-1,0.00067071,0.00067116
335,-1,0.00067076,0.00067121
336,-1,0.00067071,0.00067116
337,-1,0.00067085,0.0006713
338,-1,0.00067074,0.00067119
339,-1,0.00067071,0.00067116
340,-1,0.00067083,0.00067128
341,-1,0.00067077,0.00067122
342,-1,0.00067071,0.00067116
343,-1,0.00067071,0.00067116
344,-1,0.00067076,0.00067121
345,-1,0.0006711,0.00067156
346,-1,0.00067071,0.00067116
347,-1,0.00067117,0.00067162
348,-1,0.00067071,0.00067116
349,-1,0.00067074,0.00067119
350,-1,0.00067161,0.00067206
351,-1,0.00067087,0.00067132
352,-1,0.00067074,0.00067119
353,-1,0.00067075,0.0006712
354,-1,0.00067071,0.00067116
355,-1,0.00067073,0.00067118
356,-1,0.00067073,0.00067118
357,-1,0.00067204,0.00067249
358,-1,0.00067072,0.00067117
360,0,0.00067071,0.00067116
361,-1,0.00067124,0.0006717
362,-1,0.00067072,0.00067117
363,-1,0.00067552,0.00067597
364,-1,0.00067072,0.00067117
365,-1,0.00067074,0.00067119
366,-1,0.00067071,0.00067116
367,-1,0.00067071,0.00067116
368,-1,0.0006711,0.00067155
369,-1,0.00067071,0.00067116
370,-1,0.00067073,0.00067118
371,-1,0.00067078,0.00067123
372,-1,0.00067071,0.00067116
373,-1,0.00067074,0.00067119
374,-1,0.0006708,0.00067125
375,-1,0.00067071,0.00067116
376,-1,0.00067071,0.00067116
377,-1,0.00067346,0.00067391
378,-1,0.00067084,0.00067129
379,-1,0.00067075,0.0006712
380,-1,0.00067093,0.00067138
381,-1,0.00067077,0.00067122
382,-1,0.00067072,0.00067117
383,-1,0.00067083,0.00067128
384,-1,0.00067077,0.00067122
385,-1,0.00067141,0.00067186
386,-1,0.00067071,0.00067116
387,-1,0.00067548,0.00067594
388,-1,0.00067073,0.00067118
389,-1,0.00067118,0.00067163
390,-1,0.00067092,0.00067137
391,-1,0.00067077,0.00067122
392,-1,0.00067071,0.00067116
393,-1,0.0006717,0.00067216
394,-1,0.00067115,0.0006716
395,-1,0.00067071,0.00067116
396,-1,0.00067086,0.00067131
397,-1,0.00067071,0.00067116
398,-1,0.00067071,0.00067116
399,-1,0.00067179,0.00067225
400,-1,0.00067136,0.00067181
401,-1,0.00067074,0.00067119
402,-1,0.00067196,0.00067241
403,-1,0.00067072,0.00067117
404,-1,0.00067071,0.00067116
405,-1,0.00067076,0.00067121
406,-1,0.00067082,0.00067127
407,-1,0.00067071,0.00067116
408,-1,0.00067071,0.00067116
409,-1,0.00067087,0.00067132
410,-1,0.00067223,0.00067268
411,-1,0.00067071,0.00067116
412,-1,0.00067071,0.00067116
413,-1,0.00067071,0.00067116
414,-1,0.00067078,0.00067123
415,-1,0.00067112,0.00067157
416,-1,0.0006708,0.00067125
417,-1,0.00067186,0.00067231
418,-1,0.00067245,0.00067291
419,-1,0.00067073,0.00067118
420,-1,0.00067094,0.00067139
421,-1,0.00067075,0.0006712
422,-1,0.00067091,0.00067136
423,-1,0.00067071,0.00067116
424,-1,0.00067082,0.00067127
425,-1,0.00067071,0.00067116
426,-1,0.00067086,0.00067131
427,-1,0.00067149,0.00067195
428,-1,0.00067078,0.00067123
429,-1,0.00067071,0.00067116
430,-1,0.00067071,0.00067116
431,-1,0.00067103,0.00067148
432,-1,0.0006708,0.00067125
433,-1,0.00067071,0.00067116
434,-1,0.00067148,0.00067193
435,-1,0.00067071,0.00067116
436,-1,0.00067122,0.00067167
437,-1,0.00067072,0.00067117
438,-1,0.00067084,0.00067129
439,-1,0.00067086,0.00067131
440,-1,0.00067138,0.00067183
441,-1,0.00067085,0.0006713
442,-1,0.00067071,0.00067116
443,-1,0.00067071,0.00067116
444,-1,0.00067086,0.00067131
445,-1,0.00067072,0.00067117
446,-1,0.00067073,0.00067118
447,-1,0.00067071,0.00067116
448,-1,0.00067159,0.00067204
449,-1,0.00067124,0.00067169
450,-1,0.00067074,0.00067119
451,-1,0.00067079,0.00067124
452,-1,0.00067073,0.00067118
453,-1,0.00067079,0.00067124
454,-1,0.00068859,0.00068906
455,-1,0.00067071,0.00067116
456,-1,0.00067071,0.00067116
457,-1,0.00067071,0.00067116
458,-1,0.00067071,0.00067116
459,-1,0.00067071,0.00067116
460,-1,0.0006716,0.00067205
461,-1,0.00067091,0.00067136
462,-1,0.00067071,0.00067116
463,-1,0.00067071,0.00067116
464,-1,0.00067071,0.00067116
465,-1,0.00067092,0.00067137
466,-1,0.00067074,0.00067119
467,-1,0.00067139,0.00067184
468,-1,0.00067195,0.0006724
469,-1,0.00067199,0.00067244
470,-1,0.00067073,0.00067118
471,-1,0.00067071,0.00067116
472,-1,0.00067099,0.00067144
473,-1,0.00067071,0.00067116
474,-1,0.00067072,0.00067117
475,-1,0.00067088,0.00067133
476,-1,0.00067071,0.00067116
477,-1,0.00067254,0.000673
478,-1,0.00067071,0.00067116
479,-1,0.00067108,0.00067153
480,-1,0.00067167,0.00067213
481,-1,0.00067187,0.00067232
482,-1,0.00067071,0.00067116
483,-1,0.00067078,0.00067123
484,-1,0.00067152,0.00067197
485,-1,0.00067071,0.00067116
486,-1,0.00067071,0.00067116
487,-1,0.00067072,0.00067117
488,-1,0.00067071,0.00067116
489,-1,0.00067131,0.00067176
490,-1,0.00067085,0.0006713
491,-1,0.00067072,0.00067117
492,-1,0.00067265,0.0006731
493,-1,0.00067128,0.00067173
494,-1,0.00067072,0.00067117
495,-1,0.00067118,0.00067163
496,-1,0.00067108,0.00067153
497,-1,0.00067071,0.00067116
498,-1,0.00067114,0.00067159
499,-1,0.00067079,0.00067124
500,-1,0.00067072,0.00067117
501,-1,0.00067264,0.00067309
502,-1,0.00067073,0.00067118
503,-1,0.00067095,0.0006714
504,-1,0.0006708,0.00067125
505,-1,0.00067075,0.0006712
506,-1,0.00067072,0.00067117
507,-1,0.00067108,0.00067153
508,-1,0.00067592,0.00067638
509,-1,0.00067072,0.00067117
510,-1,0.00067071,0.00067116
511,-1,0.00067155,0.000672
512,-1,0.00067523,0.00067569
513,-1,0.00067071,0.00067116
514,-1,0.00067071,0.00067116
515,-1,0.0006714,0.00067185
516,-1,0.00067072,0.00067117
517,-1,0.00067077,0.00067122
518,-1,0.00067076,0.00067121
519,-1,0.00067155,0.00067201
520,-1,0.00067071,0.00067116
521,-1,0.00067076,0.00067121
522,-1,0.00067071,0.00067116
523,-1,0.00067071,0.00067116
524,-1,0.00067449,0.00067494
525,-1,0.00067079,0.00067124
526,-1,0.00067071,0.00067116
527,-1,0.00067073,0.00067118
528,-1,0.00067071,0.00067116
529,-1,0.00067071,0.00067116
530,-1,0.00067071,0.00067116
531,-1,0.00067071,0.00067116
532,-1,0.00067082,0.00067127
533,-1,0.00067071,0.00067116
534,-1,0.00067072,0.00067117
535,-1,0.00067107,0.00067152
536,-1,0.00067137,0.00067183
537,-1,0.00067072,0.00067117
538,-1,0.00067074,0.00067119
539,-1,0.00067108,0.00067153
540,-1,0.00067106,0.00067151
541,-1,0.00067075,0.0006712
542,-1,0.00067071,0.00067116
543,-1,0.00067074,0.00067119
544,-1,0.00067073,0.00067118
545,-1,0.00067071,0.00067116
546,-1,0.00067071,0.00067116
547,-1,0.00067204,0.0006725
548,-1,0.00067071,0.00067116
549,-1,0.00067073,0.00067118
550,-1,0.00067077,0.00067122
551,-1,0.00067072,0.00067117
552,-1,0.00067071,0.00067116
553,-1,0.00067085,0.0006713
554,-1,0.00067078,0.00067123
555,-1,0.00067094,0.00067139
556,-1,0.00067116,0.00067161
557,-1,0.00067071,0.00067116
558,-1,0.00067071,0.00067116
559,-1,0.00067179,0.00067224
560,-1,0.00067114,0.00067159
561,-1,0.00067244,0.00067289
562,-1,0.00067082,0.00067127
563,-1,0.00067104,0.00067149
564,-1,0.00067077,0.00067122
565,-1,0.00067071,0.00067116
566,-1,0.00067118,0.00067163
567,-1,0.00067135,0.0006718
568,-1,0.00068046,0.00068092
569,-1,0.00067071,0.00067116
570,-1,0.00067178,0.00067224
571,-1,0.00067071,0.00067116
572,-1,0.00067094,0.00067139
573,-1,0.00067121,0.00067166
574,-1,0.00067376,0.00067421
575,-1,0.00067087,0.00067132
576,-1,0.00067071,0.00067116
577,-1,0.00067082,0.00067127
578,-1,0.00067072,0.00067117
579,-1,0.00067099,0.00067144
580,-1,0.00067137,0.00067182
581,-1,0.00067071,0.00067116
582,-1,0.00067071,0.00067116
583,-1,0.00067146,0.00067191
584,-1,0.00067104,0.00067149
585,-1,0.00067335,0.0006738
586,-1,0.00067071,0.00067116
587,-1,0.00067117,0.00067162
588,-1,0.00067072,0.00067117
589,-1,0.00067116,0.00067161
590,-1,0.00067079,0.00067124
591,-1,0.00067078,0.00067123
592,-1,0.00067071,0.00067116
593,-1,0.00067071,0.00067116
594,-1,0.00067071,0.00067116
595,-1,0.00067071,0.00067116
596,-1,0.00067127,0.00067172
597,-1,0.00067077,0.00067122
598,-1,0.00067087,0.00067132
599,-1,0.00067071,0.00067116
600,-1,0.00067164,0.00067209
601,-1,0.00067075,0.0006712
602,-1,0.00067095,0.0006714
603,-1,0.00067072,0.00067117
604,-1,0.00067373,0.00067419
605,-1,0.0006709,0.00067135
606,-1,0.00067071,0.00067116
607,-1,0.00067071,0.00067116
608,-1,0.00067071,0.00067116
609,-1,0.00067071,0.00067116
610,-1,0.00067088,0.00067133
611,-1,0.00067071,0.00067116
612,-1,0.00067279,0.00067324
613,-1,0.00067085,0.0006713
614,-1,0.00067105,0.0006715
615,-1,0.00067322,0.00067367
616,-1,0.00067072,0.00067117
617,-1,0.00067085,0.0006713
618,-1,0.00067215,0.0006726
619,-1,0.00067083,0.00067128
620,-1,0.00067126,0.00067171
621,-1,0.00067071,0.00067116
622,-1,0.00067141,0.00067186
623,-1,0.00067084,0.00067129
624,-1,0.00067072,0.00067117
625,-1,0.00067105,0.0006715
626,-1,0.00067094,0.00067139
627,-1,0.00067071,0.00067116
628,-1,0.00067072,0.00067117
629,-1,0.00067071,0.00067116
630,-1,0.00067071,0.00067116
631,-1,0.00067107,0.00067152
632,-1,0.00067071,0.00067116
633,-1,0.00067071,0.00067116
634,-1,0.00067097,0.00067142
635,-1,0.00067075,0.0006712
636,-1,0.00067071,0.00067116
637,-1,0.00067097,0.00067142
638,-1,0.00067071,0.00067116
639,-1,0.00067071,0.00067116
640,-1,0.00067084,0.00067129
641,-1,0.00067105,0.0006715
642,-1,0.00067087,0.00067132
643,-1,0.00067073,0.00067118
644,-1,0.00067195,0.0006724
645,-1,0.00067096,0.00067141
646,-1,0.00067073,0.00067118
647,-1,0.00067178,0.00067223
648,-1,0.00067089,0.00067134
649,-1,0.00067091,0.00067136
650,-1,0.00067085,0.0006713
651,-1,0.00067071,0.00067116
652,-1,0.00067083,0.00067128
653,-1,0.00067072,0.00067117
654,-1,0.00067071,0.00067116
655,-1,0.00067071,0.00067116
656,-1,0.00067071,0.00067116
657,-1,0.00067089,0.00067134
658,-1,0.00067071,0.00067116
659,-1,0.00067772,0.00067818
660,-1,0.0006711,0.00067155
661,-1,0.00067113,0.00067158
662,-1,0.00067078,0.00067123
663,-1,0.00067071,0.00067116
664,-1,0.00067133,0.00067178
665,-1,0.00067071,0.00067116
666,-1,0.00067071,0.00067116
667,-1,0.00067081,0.00067126
668,-1,0.00067085,0.0006713
669,-1,0.00067124,0.00067169
670,-1,0.00067074,0.00067119
671,-1,0.00067106,0.00067151
672,-1,0.00067071,0.00067116
673,-1,0.00067071,0.00067116
674,-1,0.00067078,0.00067123
675,-1,0.00067151,0.00067196
676,-1,0.00067133,0.00067178
677,-1,0.00067073,0.00067118
678,-1,0.00067071,0.00067116
679,-1,0.00067075,0.0006712
680,-1,0.00067072,0.00067117
681,-1,0.00067152,0.00067197
682,-1,0.00067071,0.00067116
683,-1,0.00067079,0.00067124
684,-1,0.00067074,0.00067119
685,-1,0.00067103,0.00067148
686,-1,0.00067071,0.00067116
687,-1,0.00067074,0.00067119
688,-1,0.00067143,0.00067188
689,-1,0.00067136,0.00067181
690,-1,0.00067071,0.00067116
691,-1,0.00067082,0.00067127
692,-1,0.00067071,0.00067116
693,-1,0.00067075,0.0006712
694,-1,0.00067096,0.00067141
695,-1,0.00067071,0.00067116
696,-1,0.00067073,0.00067118
697,-1,0.00067071,0.00067116
698,-1,0.00067071,0.00067116
699,-1,0.00067223,0.00067268
700,-1,0.00067071,0.00067116
701,-1,0.00067072,0.00067117
702,-1,0.00067128,0.00067173
703,-1,0.00067101,0.00067146
704,-1,0.00067072,0.00067117
705,-1,0.00067074,0.00067119
706,-1,0.00067071,0.00067116
707,-1,0.00067071,0.00067116
708,-1,0.00067081,0.00067126
709,-1,0.00067074,0.00067119
710,-1,0.00067071,0.00067116
711,-1,0.0006709,0.00067135
712,-1,0.00067076,0.00067121
713,-1,0.00067078,0.00067123
714,-1,0.00067079,0.00067124
715,-1,0.00067073,0.00067118
716,-1,0.00067072,0.00067117
717,-1,0.00067071,0.00067116
718,-1,0.00067071,0.00067116
719,-1,0.00067071,0.00067116
720,-1,0.00067072,0.00067117
721,-1,0.00067139,0.00067184
722,-1,0.00067076,0.00067121
723,-1,0.00067071,0.00067116
724,-1,0.00067071,0.00067116
725,-1,0.00067091,0.00067136
726,-1,0.00067114,0.00067159
727,-1,0.00067096,0.00067141
728,-1,0.00067071,0.00067116
729,-1,0.00067135,0.0006718
730,-1,0.00067133,0.00067178
731,-1,0.00067077,0.00067122
732,-1,0.00067104,0.00067149
733,-1,0.00067071,0.00067116
734,-1,0.00067071,0.00067116
735,-1,0.00067092,0.00067137
736,-1,0.00067115,0.0006716
737,-1,0.00067283,0.00067328
738,-1,0.00067071,0.00067116
739,-1,0.00067108,0.00067153
740,-1,0.00067076,0.00067121
741,-1,0.00067086,0.00067131
742,-1,0.00067071,0.00067116
743,-1,0.000671,0.00067145
744,-1,0.00067072,0.00067117
745,-1,0.00067073,0.00067118
746,-1,0.00067071,0.00067116
747,-1,0.00067114,0.00067159
748,-1,0.00067071,0.00067116
749,-1,0.0006708,0.00067125
750,-1,0.00067071,0.00067116
751,-1,0.00067071,0.00067116
752,-1,0.00067071,0.00067116
753,-1,0.00067071,0.00067116
754,-1,0.00067182,0.00067227
755,-1,0.00067107,0.00067152
756,-1,0.00067085,0.0006713
757,-1,0.00067073,0.00067118
758,-1,0.00067071,0.00067116
759,-1,0.00067071,0.00067116
760,-1,0.00067106,0.00067151
761,-1,0.00067074,0.00067119
762,-1,0.00067346,0.00067392
763,-1,0.00067083,0.00067128
764,-1,0.00067099,0.00067144
765,-1,0.00067218,0.00067263
766,-1,0.00067082,0.00067127
767,-1,0.00067111,0.00067156
768,-1,0.0006715,0.00067195
769,-1,0.00067071,0.00067116
770,-1,0.00067071,0.00067116
771,-1,0.00067073,0.00067118
772,-1,0.00067125,0.0006717
773,-1,0.00067325,0.0006737
774,-1,0.00067107,0.00067152
775,-1,0.00067559,0.00067605
776,-1,0.00067072,0.00067117
777,-1,0.00067151,0.00067196
778,-1,0.00067193,0.00067238
779,-1,0.00067071,0.00067116
780,-1,0.00067071,0.00067116
781,-1,0.00067412,0.00067458
782,-1,0.00067142,0.00067187
783,-1,0.00067071,0.00067116
784,-1,0.00067076,0.00067121
785,-1,0.00067071,0.00067116
786,-1,0.00067083,0.00067128
787,-1,0.00067201,0.00067246
788,-1,0.00067107,0.00067152
789,-1,0.00067071,0.00067116
790,-1,0.00067073,0.00067118
791,-1,0.00067146,0.00067191
792,-1,0.00067074,0.00067119
793,-1,0.00067498,0.00067543
794,-1,0.00067071,0.00067116
795,-1,0.00067071,0.00067116
796,-1,0.0006708,0.00067125
797,-1,0.00067075,0.0006712
798,-1,0.00067071,0.00067116
799,-1,0.00067071,0.00067116
800,-1,0.00067071,0.00067116
801,-1,0.00067081,0.00067126
802,-1,0.00067073,0.00067118
803,-1,0.00067078,0.00067123
804,-1,0.00067072,0.00067117
805,-1,0.00067112,0.00067157
806,-1,0.00067117,0.00067162
807,-1,0.00067112,0.00067157
808,-1,0.00067109,0.00067154
809,-1,0.00067104,0.00067149
810,-1,0.00067072,0.00067117
811,-1,0.00067089,0.00067134
812,-1,0.00067072,0.00067117
813,-1,0.0006717,0.00067215
814,-1,0.00067084,0.00067129
815,-1,0.00067096,0.00067141
816,-1,0.00067146,0.00067191
817,-1,0.00067089,0.00067134
818,-1,0.00067185,0.0006723
819,-1,0.00067071,0.00067116
820,-1,0.00067168,0.00067213
821,-1,0.00067104,0.00067149
822,-1,0.0006709,0.00067135
823,-1,0.00067123,0.00067168
824,-1,0.00067135,0.0006718
825,-1,0.00067071,0.00067116
826,-1,0.0006711,0.00067155
827,-1,0.00067073,0.00067118
828,-1,0.00067116,0.00067161
829,-1,0.00067087,0.00067132
830,-1,0.00067101,0.00067146
831,-1,0.00067088,0.00067133
832,-1,0.00067071,0.00067116
833,-1,0.00067072,0.00067117
834,-1,0.00067071,0.00067116
835,-1,0.00067213,0.00067258
836,-1,0.00067096,0.00067141
837,-1,0.0006711,0.00067155
838,-1,0.00067101,0.00067146
839,-1,0.00067119,0.00067164
840,-1,0.00067075,0.0006712
841,-1,0.00067073,0.00067118
842,-1,0.00067141,0.00067186
843,-1,0.00067199,0.00067244
844,-1,0.00067071,0.00067116
845,-1,0.00067071,0.00067116
846,-1,0.00067072,0.00067117
847,-1,0.0006708,0.00067125
848,-1,0.00067071,0.00067116
849,-1,0.00067071,0.00067116
850,-1,0.00067074,0.00067119
851,-1,0.00067506,0.00067551
852,-1,0.00067136,0.00067181
853,-1,0.00067071,0.00067116
854,-1,0.00067072,0.00067117
855,-1,0.00072136,0.00072188
856,-1,0.00067403,0.00067449
857,-1,0.00067097,0.00067142
858,-1,0.00067077,0.00067122
859,-1,0.00067075,0.0006712
860,-1,0.0006713,0.00067175
861,-1,0.00067085,0.0006713
862,-1,0.00067078,0.00067123
863,-1,0.00067087,0.00067133
864,-1,0.00067086,0.00067131
865,-1,0.00067132,0.00067177
866,-1,0.00067071,0.00067116
867,-1,0.00067071,0.00067116
868,-1,0.00067071,0.00067116
869,-1,0.00067071,0.00067116
870,-1,0.00067076,0.00067121
871,-1,0.00067071,0.00067116
872,-1,0.00067071,0.00067116
873,-1,0.00067082,0.00067127
874,-1,0.00067101,0.00067146
875,-1,0.00067139,0.00067184
876,-1,0.00067073,0.00067118
877,-1,0.00067071,0.00067116
878,-1,0.00067084,0.00067129
879,-1,0.00067083,0.00067128
880,-1,0.00067659,0.00067705
881,-1,0.00067083,0.00067128
882,-1,0.0006717,0.00067215
883,-1,0.00067075,0.0006712
884,-1,0.00067072,0.00067117
885,-1,0.00067081,0.00067126
886,-1,0.00067163,0.00067208
887,-1,0.00067081,0.00067126
888,-1,0.00067071,0.00067116
889,-1,0.00067071,0.00067116
890,-1,0.00067072,0.00067117
891,-1,0.00067074,0.00067119
892,-1,0.00067421,0.00067467
893,-1,0.0006708,0.00067125
894,-1,0.00067072,0.00067117
895,-1,0.00067115,0.0006716
896,-1,0.00067083,0.00067128
897,-1,0.00067083,0.00067128
898,-1,0.00067084,0.00067129
899,-1,0.00067101,0.00067146
900,-1,0.00067352,0.00067398
901,-1,0.00067082,0.00067127
902,-1,0.00067071,0.00067116
903,-1,0.00067073,0.00067118
904,-1,0.000671,0.00067145
905,-1,0.00067071,0.00067116
906,-1,0.00067071,0.00067116
907,-1,0.00067183,0.00067228
908,-1,0.00067073,0.00067118
909,-1,0.00067131,0.00067176
910,-1,0.00067071,0.00067116
911,-1,0.00067102,0.00067147
912,-1,0.00067072,0.00067117
913,-1,0.00067071,0.00067116
914,-1,0.00067082,0.00067127
915,-1,0.00067076,0.00067121
916,-1,0.00067102,0.00067147
917,-1,0.00067071,0.00067116
918,-1,0.00067108,0.00067153
919,-1,0.00067108,0.00067153
920,-1,0.0006708,0.00067125
921,-1,0.00067113,0.00067158
922,-1,0.00067174,0.00067219
923,-1,0.00067071,0.00067116
924,-1,0.00067071,0.00067116
925,-1,0.00067075,0.0006712
926,-1,0.00067072,0.00067117
927,-1,0.00067127,0.00067172
928,-1,0.00067071,0.00067116
929,-1,0.00067071,0.00067116
930,-1,0.00067108,0.00067154
931,-1,0.00067073,0.00067118
932,-1,0.00067082,0.00067127
933,-1,0.00067076,0.00067121
934,-1,0.0006717,0.00067215
935,-1,0.00067343,0.00067388
936,-1,0.00067089,0.00067134
937,-1,0.00067093,0.00067138
938,-1,0.0006708,0.00067125
939,-1,0.00067071,0.00067116
940,-1,0.00067096,0.00067141
941,-1,0.00067083,0.00067128
942,-1,0.00067092,0.00067137
943,-1,0.00067133,0.00067178
944,-1,0.00067091,0.00067136
945,-1,0.00067071,0.00067116
946,-1,0.00067159,0.00067204
947,-1,0.00067089,0.00067134
948,-1,0.00067071,0.00067116
949,-1,0.00067071,0.00067116
950,-1,0.00067105,0.0006715
951,-1,0.00067075,0.0006712
952,-1,0.00067078,0.00067123
953,-1,0.00067196,0.00067241
954,-1,0.00067071,0.00067116
955,-1,0.00067083,0.00067128
956,-1,0.00067338,0.00067384
957,-1,0.00067071,0.00067116
958,-1,0.00067076,0.00067121
959,-1,0.0006708,0.00067125
960,-1,0.00067085,0.0006713
961,-1,0.00067077,0.00067122
962,-1,0.00067078,0.00067123
963,-1,0.00067077,0.00067122
964,-1,0.00067074,0.00067119
965,-1,0.00067092,0.00067137
966,-1,0.00067159,0.00067204
967,-1,0.00067095,0.0006714
968,-1,0.0006711,0.00067155
969,-1,0.00067071,0.00067116
970,-1,0.00067072,0.00067117
971,-1,0.00067076,0.00067121
972,-1,0.00067176,0.00067221
973,-1,0.00067081,0.00067126
974,-1,0.00067132,0.00067177
975,-1,0.00067075,0.0006712
976,-1,0.00067071,0.00067116
977,-1,0.0006708,0.00067125
978,-1,0.00067071,0.00067116
979,-1,0.00067071,0.00067116
980,-1,0.00067798,0.00067844
981,-1,0.00067289,0.00067334
982,-1,0.00067095,0.00067141
983,-1,0.00067071,0.00067116
984,-1,0.00067072,0.00067117
985,-1,0.00067071,0.00067116
986,-1,0.00067071,0.00067116
987,-1,0.00067071,0.00067116
988,-1,0.00067078,0.00067123
989,-1,0.00067079,0.00067124
990,-1,0.00067071,0.00067116
991,-1,0.00067072,0.00067117
992,-1,0.00067082,0.00067127
993,-1,0.00067124,0.00067169
994,-1,0.00067074,0.00067119
995,-1,0.00067105,0.0006715
996,-1,0.00067071,0.00067116
997,-1,0.00067071,0.00067116
998,-1,0.000671,0.00067145
999,-1,0.00067071,0.00067116
1000,-1,0.00068424,0.00068471
1001,-1,0.00067079,0.00067124
1002,-1,0.00067071,0.00067116
1003,-1,0.00067166,0.00067211
1004,-1,0.00067097,0.00067142
1005,-1,0.00067071,0.00067116
1006,-1,0.00067072,0.00067117
1007,-1,0.00067109,0.00067154
1008,-1,0.00067077,0.00067122
1009,-1,0.00067253,0.00067298
1010,-1,0.00067175,0.0006722
1011,-1,0.00067071,0.00067116
1012,-1,0.00067071,0.00067116
1013,-1,0.00067084,0.00067129
1014,-1,0.00067072,0.00067117
1015,-1,0.00067091,0.00067136
1016,-1,0.00067071,0.00067116
1017,-1,0.00067071,0.00067116
1018,-1,0.00067072,0.00067117
1019,-1,0.00067071,0.00067116
1020,-1,0.00067087,0.00067132
1021,-1,0.00067079,0.00067124
1022,-1,0.00067071,0.00067116
1023,-1,0.00067073,0.00067118
1024,-1,0.00067103,0.00067148
1025,-1,0.00067074,0.00067119
1026,-1,0.00067078,0.00067123
1027,-1,0.00067071,0.00067116
1028,-1,0.00067103,0.00067148
1029,-1,0.00067071,0.00067116
1030,-1,0.00067071,0.00067116
1031,-1,0.00067122,0.00067167
1032,-1,0.00067071,0.00067116
1033,-1,0.00067071,0.00067116
1034,-1,0.00067071,0.00067116
1035,-1,0.00067071,0.00067116
1036,-1,0.00067106,0.00067151
1037,-1,0.00067448,0.00067493
1038,-1,0.00067088,0.00067133
1039,-1,0.00067071,0.00067116
1040,-1,0.00067112,0.00067158
1041,-1,0.00067276,0.00067321
1042,-1,0.00067071,0.00067116
1043,-1,0.00067071,0.00067116
1044,-1,0.00067078,0.00067123
1045,-1,0.00067106,0.00067151
1046,-1,0.00067071,0.00067116
1047,-1,0.00067166,0.00067211
1048,-1,0.00067156,0.00067202
1049,-1,0.00067091,0.00067136
1050,-1,0.00067071,0.00067116
1051,-1,0.00067193,0.00067238
1052,-1,0.00067146,0.00067191
1053,-1,0.00067145,0.0006719
1054,-1,0.00067279,0.00067324
1055,-1,0.00067099,0.00067144
1056,-1,0.00067071,0.00067116
1057,-1,0.00067173,0.00067218
1058,-1,0.00067172,0.00067217
1059,-1,0.00067071,0.00067116
1060,-1,0.00067076,0.00067121
1061,-1,0.00067119,0.00067164
1062,-1,0.00067083,0.00067128
1063,-1,0.00067117,0.00067162
1064,-1,0.00067071,0.00067116
1065,-1,0.00067397,0.00067442
1066,-1,0.00067071,0.00067116
1067,-1,0.00067071,0.00067116
1068,-1,0.00067073,0.00067118
1069,-1,0.00067074,0.00067119
1070,-1,0.00067072,0.00067117
1071,-1,0.00067075,0.0006712
1072,-1,0.0006708,0.00067125
1073,-1,0.00067071,0.00067116
1074,-1,0.00067075,0.0006712
1075,-1,0.00067071,0.00067116
1076,-1,0.00067148,0.00067193
1077,-1,0.00067079,0.00067124
1078,-1,0.00067072,0.00067117
1079,-1,0.00067072,0.00067117
1080,-1,0.00067074,0.00067119
1081,-1,0.00067155,0.000672
1082,-1,0.00067158,0.00067204
1083,-1,0.00067087,0.00067132
1084,-1,0.00067073,0.00067118
1085,-1,0.00067088,0.00067133
1086,-1,0.00067071,0.00067116
1087,-1,0.00067073,0.00067118
1088,-1,0.00067095,0.0006714
1089,-1,0.00067071,0.00067116
1090,-1,0.00067072,0.00067117
1091,-1,0.00067111,0.00067156
1092,-1,0.00067108,0.00067153
1093,-1,0.00067077,0.00067122
1094,-1,0.00067071,0.00067116
1095,-1,0.00067151,0.00067196
1096,-1,0.00067121,0.00067167
1097,-1,0.00067071,0.00067116
1098,-1,0.00067071,0.00067116
1099,-1,0.00067071,0.00067116
1100,-1,0.00067071,0.00067116
1101,-1,0.00067747,0.00067793
1102,-1,0.00067072,0.00067117
1103,-1,0.00067148,0.00067193
1104,-1,0.00067117,0.00067162
1105,-1,0.00067076,0.00067121
1106,-1,0.00067163,0.00067208
1107,-1,0.00067071,0.00067116
1108,-1,0.00067458,0.00067504
1109,-1,0.00067156,0.00067201
1110,-1,0.00067071,0.00067116
1111,-1,0.00067071,0.00067116
1112,-1,0.00067178,0.00067224
1113,-1,0.00067099,0.00067144
1114,-1,0.00067074,0.00067119
1115,-1,0.00067124,0.00067169
1116,-1,0.00067078,0.00067123
1117,-1,0.00067096,0.00067141
1118,-1,0.00067071,0.00067116
1119,-1,0.00067073,0.00067118
1120,-1,0.00067071,0.00067116
1121,-1,0.00067076,0.00067121
1122,-1,0.00067071,0.00067116
1123,-1,0.00067075,0.0006712
1124,-1,0.00067073,0.00067118
1125,-1,0.00067139,0.00067184
1126,-1,0.00067141,0.00067186
1127,-1,0.00067076,0.00067121
1128,-1,0.00067101,0.00067146
1129,-1,0.00067073,0.00067118
1130,-1,0.00067112,0.00067157
1131,-1,0.00067737,0.00067783
1132,-1,0.00067071,0.00067116
1133,-1,0.00067124,0.00067169
1134,-1,0.00067071,0.00067116
1135,-1,0.00067484,0.0006753
1136,-1,0.00067071,0.00067116
1137,-1,0.00067071,0.00067116
1138,-1,0.00067071,0.00067116
1139,-1,0.00067071,0.00067116
1140,-1,0.00067086,0.00067131
1141,-1,0.00067097,0.00067142
1142,-1,0.00067071,0.00067116
1143,-1,0.00067071,0.00067116
1144,-1,0.00067103,0.00067148
1145,-1,0.00067071,0.00067116
1146,-1,0.00067106,0.00067151
1147,-1,0.00067071,0.00067116
1148,-1,0.00067071,0.00067116
1149,-1,0.00067074,0.00067119
1150,-1,0.00067134,0.00067179
1151,-1,0.00067071,0.00067116
1152,-1,0.00067115,0.0006716
1153,-1,0.00067156,0.00067201
1154,-1,0.00067149,0.00067194
1155,-1,0.00067075,0.0006712
1156,-1,0.00067071,0.00067116
1157,-1,0.00067071,0.00067116
1158,-1,0.00067071,0.00067116
1159,-1,0.00067073,0.00067118
1160,-1,0.00067071,0.00067116
1161,-1,0.00067118,0.00067163
1162,-1,0.00067185,0.0006723
1163,-1,0.00067156,0.00067201
1164,-1,0.00067093,0.00067138
1165,-1,0.00067085,0.0006713
1166,-1,0.00067098,0.00067143
1167,-1,0.0006709,0.00067135
1168,-1,0.00067096,0.00067141
1169,-1,0.00067072,0.00067117
1170,-1,0.00067071,0.00067116
1171,-1,0.00067074,0.00067119
1172,-1,0.00067178,0.00067223
1173,-1,0.00067071,0.00067116
1174,-1,0.00067071,0.00067116
1175,-1,0.00067074,0.00067119
1176,-1,0.00067078,0.00067123
1177,-1,0.00067306,0.00067351
1178,-1,0.00067071,0.00067116
1179,-1,0.00067075,0.0006712
1180,-1,0.00067076,0.00067121
1181,-1,0.00067071,0.00067116
1182,-1,0.00067071,0.00067116
1183,-1,0.00067136,0.00067181
1184,-1,0.00067071,0.00067116
1185,-1,0.00067307,0.00067352
1186,-1,0.00067106,0.00067151
1187,-1,0.00067198,0.00067243
1188,-1,0.00067073,0.00067118
1189,-1,0.00067075,0.0006712
1190,-1,0.00067071,0.00067116
1191,-1,0.00067312,0.00067358
1192,-1,0.00067223,0.00067268
1193,-1,0.00067136,0.00067181
1194,-1,0.00067082,0.00067127
1195,-1,0.00067128,0.00067173
1196,-1,0.00067072,0.00067117
1197,-1,0.00067071,0.00067116
1198,-1,0.00067072,0.00067117
1199,-1,0.00067088,0.00067133
1200,-1,0.00067221,0.00067266
1201,-1,0.00067081,0.00067126
1202,-1,0.00067113,0.00067158
1203,-1,0.00067073,0.00067118
1204,-1,0.00067072,0.00067117
1205,-1,0.00067074,0.00067119
1206,-1,0.00067082,0.00067127
1207,-1,0.0006709,0.00067135
1208,-1,0.00067072,0.00067117
1209,-1,0.00067145,0.0006719
1210,-1,0.00067099,0.00067144
1211,-1,0.00067083,0.00067128
1212,-1,0.00067085,0.0006713
1213,-1,0.00067079,0.00067124
1214,-1,0.00067168,0.00067213
1215,-1,0.00067426,0.00067471
1216,-1,0.00067086,0.00067131
1217,-1,0.00067103,0.00067149
1218,-1,0.00067135,0.0006718
1219,-1,0.00067074,0.00067119
1220,-1,0.00067099,0.00067144
1221,-1,0.00067112,0.00067157
1222,-1,0.00067161,0.00067207
1223,-1,0.00067147,0.00067192
1224,-1,0.00067073,0.00067118
1225,-1,0.00067076,0.00067121
1226,-1,0.00067089,0.00067134
1227,-1,0.00067196,0.00067241
1228,-1,0.00067071,0.00067116
1229,-1,0.00067087,0.00067132
1230,-1,0.00067071,0.00067116
1231,-1,0.00067503,0.00067548
1232,-1,0.00067125,0.0006717
1233,-1,0.00067071,0.00067116
1234,-1,0.00067114,0.00067159
1235,-1,0.00067071,0.00067116
1236,-1,0.00067222,0.00067268
1237,-1,0.00067079,0.00067124
1238,-1,0.00067088,0.00067133
1239,-1,0.00067109,0.00067154
1240,-1,0.00067072,0.00067117
1241,-1,0.00067071,0.00067116
1242,-1,0.00067072,0.00067117
1243,-1,0.00067071,0.00067116
1244,-1,0.0006719,0.00067235
1245,-1,0.00067084,0.00067129
1246,-1,0.00067247,0.00067293
1247,-1,0.00067072,0.00067117
1248,-1,0.00067071,0.00067116
1249,-1,0.00067086,0.00067131
1250,-1,0.00067113,0.00067158
1251,-1,0.00067075,0.0006712
1252,-1,0.00067159,0.00067204
1253,-1,0.00067084,0.00067129
1254,-1,0.00067126,0.00067171
1255,-1,0.00067123,0.00067168
1256,-1,0.00067091,0.00067136
1257,-1,0.00067087,0.00067132
1258,-1,0.00067082,0.00067127
1259,-1,0.00067103,0.00067148
1260,-1,0.00067071,0.00067116
1261,-1,0.00067074,0.00067119
1262,-1,0.00067137,0.00067182
1263,-1,0.00067073,0.00067118
1264,-1,0.00067095,0.0006714
1265,-1,0.00067071,0.00067116
1266,-1,0.00067085,0.0006713
1267,-1,0.00067082,0.00067127
1268,-1,0.00067077,0.00067122
1269,-1,0.00067093,0.00067138
1270,-1,0.00067077,0.00067122
1271,-1,0.00067075,0.0006712
1272,-1,0.00067071,0.00067116
1273,-1,0.00067081,0.00067126
1274,-1,0.00067092,0.00067137
1275,-1,0.00067233,0.00067279
1276,-1,0.00067145,0.0006719
1277,-1,0.00067137,0.00067182
1278,-1,0.00067083,0.00067128
1279,-1,0.00067072,0.00067117
1280,-1,0.00067093,0.00067138
1281,-1,0.00067071,0.00067116
1282,-1,0.00067108,0.00067153
1283,-1,0.00067071,0.00067116
1284,-1,0.00067071,0.00067116
1285,-1,0.00067071,0.00067116
1286,-1,0.00067083,0.00067128
1287,-1,0.00067083,0.00067128
1288,-1,0.00067087,0.00067132
1289,-1,0.00067072,0.00067117
1290,-1,0.00067089,0.00067134
1291,-1,0.00067073,0.00067118
1292,-1,0.00067071,0.00067116
1293,-1,0.00067074,0.00067119
1294,-1,0.00067071,0.00067116
1295,-1,0.00067101,0.00067146
1296,-1,0.00067129,0.00067174
1297,-1,0.00067071,0.00067116
1298,-1,0.00067077,0.00067122
1299,-1,0.00067071,0.00067116
1300,-1,0.00067077,0.00067122
1301,-1,0.00067076,0.0006712
1302,-1,0.00067072,0.00067117
1303,-1,0.00067076,0.00067121
1304,-1,0.00067071,0.00067116
1305,-1,0.00067078,0.00067123
1306,-1,0.00067073,0.00067118
1307,-1,0.00067075,0.0006712
1308,-1,0.00067136,0.00067181
1309,-1,0.00067158,0.00067203
1310,-1,0.00067122,0.00067167
1311,-1,0.00067071,0.00067116
1312,-1,0.00067071,0.00067116
1313,-1,0.00067116,0.00067161
1314,-1,0.00067073,0.00067118
1315,-1,0.00067076,0.00067121
1316,-1,0.00067075,0.0006712
1317,-1,0.00067141,0.00067186
1318,-1,0.00067102,0.00067147
1319,-1,0.00067072,0.00067117
1320,-1,0.00067287,0.00067333
1321,-1,0.00067299,0.00067345
1322,-1,0.00067074,0.00067119
1323,-1,0.00067073,0.00067118
1324,-1,0.00067071,0.00067116
1325,-1,0.00067148,0.00067193
1326,-1,0.00067086,0.00067131
1327,-1,0.00067071,0.00067116
1328,-1,0.00067177,0.00067222
1329,-1,0.00067188,0.00067233
1330,-1,0.00067072,0.00067117
1331,-1,0.00067071,0.00067116
1332,-1,0.00067076,0.00067121
1333,-1,0.00067115,0.0006716
1334,-1,0.00067096,0.00067141
1335,-1,0.00067088,0.00067133
1336,-1,0.00067071,0.00067116
1337,-1,0.00067074,0.00067119
1338,-1,0.00067137,0.00067183
1339,-1,0.00067102,0.00067147
1340,-1,0.00067072,0.00067117
1341,-1,0.00067072,0.00067117
1342,-1,0.00067076,0.00067121
1343,-1,0.00067071,0.00067116
1344,-1,0.00067076,0.00067121
1345,-1,0.00067112,0.00067157
1346,-1,0.00067133,0.00067178
1347,-1,0.00067071,0.00067116
1348,-1,0.00067095,0.0006714
1349,-1,0.00067072,0.00067117
1350,-1,0.00067073,0.00067117
1351,-1,0.00067183,0.00067228
1352,-1,0.00067115,0.0006716
1353,-1,0.00067071,0.00067116
1354,-1,0.00067107,0.00067152
1355,-1,0.00067073,0.00067118
1356,-1,0.00067074,0.00067119
1357,-1,0.00067083,0.00067128
1358,-1,0.00067071,0.00067116
1359,-1,0.00067081,0.00067126
1360,-1,0.00067286,0.00067332
1361,-1,0.00067073,0.00067118
1362,-1,0.00067128,0.00067173
1363,-1,0.00067071,0.00067116
1364,-1,0.00067274,0.0006732
1365,-1,0.00067073,0.00067118
1366,-1,0.00067105,0.0006715
1367,-1,0.00067074,0.00067119
1368,-1,0.00067137,0.00067182
1369,-1,0.00067108,0.00067153
1370,-1,0.00067071,0.00067116
1371,-1,0.00067077,0.00067122
1372,-1,0.00067105,0.0006715
1373,-1,0.00067085,0.0006713
1374,-1,0.00067141,0.00067186
1375,-1,0.00067205,0.0006725
1376,-1,0.00067071,0.00067116
1377,-1,0.00067071,0.00067116
1378,-1,0.00067149,0.00067194
1379,-1,0.00067074,0.00067119
1380,-1,0.00067071,0.00067116
1381,-1,0.00067118,0.00067164
1382,-1,0.00067082,0.00067127
1383,-1,0.00067095,0.0006714
1384,-1,0.00067544,0.0006759
1385,-1,0.00067072,0.00067117
1386,-1,0.00067071,0.00067116
1387,-1,0.00067094,0.00067139
1388,-1,0.00067074,0.00067119
1389,-1,0.0006709,0.00067135
1390,-1,0.00067102,0.00067147
1391,-1,0.00067071,0.00067116
1392,-1,0.00067108,0.00067153
1393,-1,0.00067072,0.00067117
1394,-1,0.00067089,0.00067135
1395,-1,0.00067084,0.00067129
1396,-1,0.00067098,0.00067143
1397,-1,0.00067072,0.00067117
1398,-1,0.00067085,0.0006713
1399,-1,0.00067083,0.00067128
1400,-1,0.00067071,0.00067116
1401,-1,0.00067141,0.00067187
1402,-1,0.00067272,0.00067317
1403,-1,0.00067156,0.00067201
1404,-1,0.00067083,0.00067128
1405,-1,0.00067072,0.00067117
1406,-1,0.00067106,0.00067151
1407,-1,0.0006712,0.00067165
1408,-1,0.00067403,0.00067448
1409,-1,0.00067078,0.00067123
1410,-1,0.00067257,0.00067302
1411,-1,0.00067264,0.0006731
1412,-1,0.00067116,0.00067162
1413,-1,0.00067173,0.00067219
1414,-1,0.0006712,0.00067165
1415,-1,0.00067075,0.0006712
1416,-1,0.00067072,0.00067117
1417,-1,0.00067071,0.00067116
1418,-1,0.00067082,0.00067127
1419,-1,0.00067099,0.00067144
1420,-1,0.00067107,0.00067152
1421,-1,0.00067144,0.00067189
1422,-1,0.00067116,0.00067161
1423,-1,0.00067132,0.00067177
1424,-1,0.00067071,0.00067116
1425,-1,0.00067186,0.00067231
1426,-1,0.00067097,0.00067142
1427,-1,0.00067187,0.00067233
1428,-1,0.00067071,0.00067116
1429,-1,0.00067119,0.00067164
1430,-1,0.0006712,0.00067165
1431,-1,0.00067095,0.0006714
1432,-1,0.00067188,0.00067233
1433,-1,0.00067079,0.00067124
1434,-1,0.00067073,0.00067118
1435,-1,0.00067089,0.00067134
1436,-1,0.00067122,0.00067167
1437,-1,0.00067087,0.00067132
1438,-1,0.00067092,0.00067137
1439,-1,0.00067111,0.00067156
1440,-1,0.00067073,0.00067118
1441,-1,0.00067088,0.00067133
1442,-1,0.00067072,0.00067117
1443,-1,0.00067071,0.00067116
1444,-1,0.00067133,0.00067178
1445,-1,0.00067092,0.00067137
1446,-1,0.00067098,0.00067143
1447,-1,0.00067071,0.00067116
1448,-1,0.00067071,0.00067116
1449,-1,0.00067082,0.00067127
1450,-1,0.00067078,0.00067123
1451,-1,0.00067094,0.00067139
1452,-1,0.00067071,0.00067116
1453,-1,0.00067071,0.00067116
1454,-1,0.00067071,0.00067116
1455,-1,0.00067072,0.00067117
1456,-1,0.00067167,0.00067212
1457,-1,0.000671,0.00067145
1458,-1,0.00067077,0.00067122
1459,-1,0.00067154,0.00067199
1460,-1,0.00067077,0.00067122
1461,-1,0.00067172,0.00067217
1462,-1,0.00067071,0.00067116
1463,-1,0.00067117,0.00067162
1464,-1,0.00067071,0.00067116
1465,-1,0.00067071,0.00067116
1466,-1,0.00067071,0.00067116
1467,-1,0.00067071,0.00067116
1468,-1,0.00067072,0.00067117
1469,-1,0.00067073,0.00067118
1470,-1,0.00067071,0.00067116
1471,-1,0.00067088,0.00067133
1472,-1,0.00067079,0.00067124
1473,-1,0.00067118,0.00067163
1474,-1,0.00067071,0.00067116
1475,-1,0.0006713,0.00067175
1476,-1,0.00067081,0.00067126
1477,-1,0.00067157,0.00067202
1478,-1,0.0006711,0.00067155
1479,-1,0.00067498,0.00067544
1480,-1,0.00067071,0.00067116
1481,-1,0.00067072,0.00067117
1482,-1,0.00067229,0.00067274
1483,-1,0.00067071,0.00067116
1484,-1,0.00067072,0.00067117
1485,-1,0.00067073,0.00067118
1486,-1,0.00067072,0.00067117
1487,-1,0.00067162,0.00067207
1488,-1,0.00067076,0.00067121
1489,-1,0.00067079,0.00067124
1490,-1,0.00067073,0.00067118
