1,4.2194e-18,1.5127e-167,0,0.00067091
2,-3.548e-16,2.8318e-166,0,0.00067224
3,-0,0,0,0.00067071
4,-0,0,0,0.00067071
5,1.6352e-19,6.4906e-169,0,0.00067137
6,-3.531e-18,4.3837e-168,0,0.00067075
7,-0,0,0,0.00067071
8,4.0782e-17,3.071e-166,0,0.00067201
9,2.3558e-18,2.8374e-168,0,0.00067077
10,-5.7476e-17,2.6916e-167,0,0.00067085
11,6.4354e-19,5.2302e-169,0,0.00067072
12,5.9667e-18,2.4326e-169,0,0.00067077
13,6.826e-17,3.4186e-167,0,0.00067113
14,2.3091e-16,1.851e-166,0,0.00067128
15,-5.5971e-16,3.1546e-166,0,0.00067259
16,6.2248e-18,7.2262e-167,0,0.00067095
17,2.0745e-18,1.3085e-169,0,0.00067072
18,8.2149e-17,2.2363e-166,0,0.00067114
19,1.3174e-17,1.0144e-167,0,0.00067105
20,2.8457e-18,1.1101e-167,0,0.00067082
21,5.7333e-17,1.3583e-166,0,0.0006724
22,1.6119e-17,1.6899e-166,0,0.00067159
23,1.1071e-16,4.1532e-167,0,0.00067163
24,7.5042e-17,3.2737e-167,0,0.00067143
25,-0,0,0,0.00067071
26,3.3428e-19,2.224e-169,0,0.00067072
27,9.0343e-17,3.3195e-167,0,0.00067083
28,6.59e-18,4.2795e-168,0,0.00067104
29,2.114e-16,2.962e-166,0,0.00067288
30,-0,0,0,0.00067071
31,1.9907e-16,1.4715e-166,0,0.00067148
32,1.5728e-18,1.1376e-168,0,0.00067076
33,-1.9438e-18,4.4106e-168,0,0.00067081
34,-8.3274e-17,3.7256e-167,0,0.00067113
35,4.4011e-18,2.2354e-168,0,0.00067078
36,1.3666e-17,5.6927e-168,0,0.00067076
37,-0,0,0,0.00067071
38,7.5033e-17,1.7427e-167,0,0.00067076
39,-0,0,0,0.00067071
40,-3.4928e-16,7.5658e-166,0,0.00067396
41,-3.3997e-16,1.274e-166,0,0.00067111
42,1.7319e-17,1.6596e-167,0,0.00067077
43,1.5792e-19,5.7289e-169,0,0.00067094
44,-0,0,0,0.00067071
45,6.7807e-19,3.1386e-170,0,0.00067139
46,1.047e-16,1.1558e-166,0,0.00067202
47,-7.2679e-18,6.1666e-169,0,0.00067072
48,-0,0,0,0.00067071
49,-0,0,0,0.00067071
50,-0,0,0,0.00067071
51,-0,0,0,0.00067071
52,-0,0,0,0.00067071
53,3.6679e-18,1.6634e-168,0,0.00067074
54,-0,0,0,0.00067071
55,4.2164e-16,3.7048e-166,0,0.00067207
56,1.7953e-16,3.7194e-166,0,0.00067208
57,-0,0,0,0.00067071
58,2.6578e-18,9.8905e-167,0,0.00067097
59,-0,0,0,0.00067071
60,-0,0,0,0.00067071
61,-0,0,0,0.00067071
62,-0,0,0,0.00067071
63,-0,0,0,0.00067071
64,-1.5729e-18,1.6289e-169,0,0.00067074
65,-6.2201e-18,1.5664e-168,0,0.00067074
66,9.7371e-18,3.5917e-169,0,0.00067105
67,-0,0,0,0.00067071
68,7.523e-18,5.7666e-167,0,0.00067125
69,2.9503e-19,8.028e-170,0,0.00067072
70,3.3541e-17,6.7698e-167,0,0.00067106
71,-0,0,0,0.00067071
72,-1.9947e-16,4.4924e-166,0,0.00067263
73,4.4685e-17,6.4552e-167,0,0.00067101
74,-0,0,0,0.00067071
75,1.4353e-16,2.8272e-166,0,0.00067309
76,-0,0,0,0.00067136
77,6.4941e-19,9.1433e-169,0,0.00067072
78,-0,0,0,0.00067071
79,-3.667e-16,1.703e-166,0,0.000671
80,3.9616e-19,3.3048e-167,0,0.00067077
81,2.9752e-18,6.9634e-168,0,0.00067107
82,1.1322e-16,1.9479e-166,0,0.00067253
83,-0,0,0,0.00067071
84,5.4769e-18,8.0493e-168,0,0.00067075
85,2.6498e-17,2.083e-167,0,0.00067173
86,-0,0,0,0.00067071
87,-7.8787e-16,2.0049e-166,0,0.00067108
88,-0,0,0,0.00067071
89,-3.5211e-17,8.6199e-167,0,0.00067101
90,2.3651e-17,9.5274e-167,0,0.00067136
91,-0,0,0,0.00067071
92,-4.1261e-18,3.5843e-168,0,0.00067075
93,1.0658e-18,1.5389e-168,0,0.00067074
94,-0,0,0,0.00067071
95,-6.8988e-18,9.5876e-168,0,0.00067086
96,-0,0,0,0.00067071
97,5.9565e-19,6.9193e-169,0,0.00067072
98,5.6632e-18,9.6825e-169,0,0.00067077
99,3.3221e-16,4.3663e-166,0,0.0006725
100,3.4823e-16,1.669e-166,0,0.00067148
101,2.3541e-16,2.4123e-166,0,0.00067291
102,6.4358e-18,9.4303e-169,0,0.00067081
103,2.9915e-17,5.1732e-167,0,0.00067109
104,-0,0,0,0.00067071
105,-0,0,0,0.00067071
106,-0,0,0,0.00067071
107,-0,0,0,0.00067071
108,-0,0,0,0.00067071
109,1.1895e-16,1.8844e-166,0,0.00067148
110,-7.2891e-18,3.42e-167,0,0.00067085
111,-0,0,0,0.00067071
112,-0,0,0,0.00067071
113,4.6556e-17,3.3534e-167,0,0.00067085
114,5.7362e-18,1.0576e-168,0,0.00067076
115,3.3307e-17,1.2769e-166,0,0.00067158
116,-0,0,0,0.00067073
117,-2.7795e-17,1.5532e-166,0,0.00067178
118,2.0513e-16,3.703e-166,0,0.00067251
119,1.559e-17,4.0863e-167,0,0.00067109
120,-0,0,0,0.00067071
121,1.77e-17,1.0372e-167,0,0.00067156
122,-0,0,0,0.00067071
123,6.0006e-18,1.8577e-168,0,0.00067077
124,6.8908e-17,1.0055e-166,0,0.00067254
125,3.256e-18,4.7114e-168,0,0.00067075
126,-0,0,0,0.00067071
127,-0,0,0,0.00067071
128,-0,0,0,0.00067072
129,-0,0,0,0.00067074
130,2.0438e-18,2.6386e-168,0,0.00067074
131,-0,0,0,0.00067071
132,4.8157e-18,1.6791e-167,0,0.00067121
133,-0,0,0,0.00067071
134,-0,0,0,0.00067071
135,-0,0,0,0.00067071
136,4.8923e-17,3.3973e-167,0,0.00067091
137,-8.6047e-17,1.3647e-166,0,0.00067115
138,0.58197,0.0020897,0,0.00067148
139,-0,0,0,0.00067071
140,8.793e-17,6.2664e-167,0,0.00067125
141,-0,0,0,0.00067073
142,-1.1049e-17,7.5093e-167,0,0.00067082
143,-5.8717e-18,6.4159e-168,0,0.00067073
144,6.909e-16,7.0348e-166,0,0.00067545
145,-0,0,0,0.00067071
146,-0,0,0,0.00067071
147,-7.1877e-18,3.7411e-168,0,0.00067085
148,-0,0,0,0.00067071
149,-1.5021e-18,1.2605e-167,0,0.0006708
150,-8.4184e-17,1.7524e-166,0,0.00067244
151,4.6026e-17,4.7347e-167,0,0.00067094
152,7.761e-19,1.0978e-168,0,0.00067105
153,-0,0,0,0.00067071
154,-0,0,0,0.00067071
155,7.1878e-17,7.2194e-167,0,0.00067126
156,2.1112e-17,3.4222e-167,0,0.00067095
157,-2.9291e-18,1.0208e-167,0,0.00067081
158,0.060529,0.0018276,0,0.00067104
159,4.5085e-18,2.3015e-168,0,0.00067072
160,-7.1206e-16,2.4517e-166,0,0.00067194
161,-0,0,0,0.00067071
162,6.6377e-17,9.6758e-167,0,0.00067126
163,4.0082e-18,1.8209e-168,0,0.00067077
164,-0,0,0,0.00067071
165,2.8652e-16,1.3849e-166,0,0.00067136
166,6.285e-20,5.9425e-170,0,0.00067072
167,2.89e-16,3.0905e-166,0,0.00067253
168,4.2209e-16,3.0286e-166,0,0.00067235
169,-0,0,0,0.00067071
170,-2.5356e-18,2.777e-168,0,0.00067076
171,-0,0,0,0.00067071
172,7.1262e-17,6.2525e-167,0,0.00067108
173,-0,0,0,0.00067103
174,-0,0,0,0.00067071
175,6.285e-20,5.9425e-170,0,0.00067072
176,-0,0,0,0.00067071
177,1.1066e-16,2.3524e-166,0,0.00067266
178,7.4632e-18,3.8624e-167,0,0.00067087
179,7.8808e-17,4.6435e-167,0,0.00067123
180,1.5671e-16,3.0607e-166,0,0.00067171
181,-8.148e-16,3.487e-166,0,0.00067193
182,-0,0,0,0.00067136
183,-0,0,0,0.00067071
184,-0,0,0,0.00067072
185,-4.3272e-17,4.4075e-167,0,0.00067099
186,-0,0,0,0.00067071
187,3.3084e-17,5.1227e-167,0,0.00067108
188,-2.4813e-17,3.2891e-168,0,0.00067081
189,-1.6331e-17,2.9755e-166,0,0.00067191
190,4.0052e-17,4.0878e-167,0,0.0006709
191,-2.0767e-16,4.7612e-166,0,0.00067416
192,-1.0781e-18,1.4877e-168,0,0.00067073
193,4.8859e-17,9.4145e-169,0,0.0006714
194,7.6506e-19,3.2168e-169,0,0.00067072
195,-0,0,0,0.00067071
196,-0,0,0,0.00067071
197,-0,0,0,0.00067071
198,-3.6241e-20,6.939e-170,0,0.00067072
199,-0,0,0,0.00067071
200,-0,0,0,0.00067071
201,1.3695e-18,9.8351e-169,0,0.00067072
202,2.7441e-16,6.5545e-166,0,0.00067246
203,-3.5657e-17,3.4544e-167,0,0.00067072
204,5.5195e-17,6.7979e-167,0,0.00067114
205,-2.3729e-16,1.9167e-166,0,0.00067115
206,-0,0,0,0.00067071
207,-3.6131e-18,7.1019e-168,0,0.00067076
208,1.4876e-18,3.6146e-168,0,0.00067103
209,4.7294e-17,4.7557e-167,0,0.00067108
210,3.4973e-17,6.1145e-167,0,0.00067126
211,3.8616e-18,2.0771e-167,0,0.00067105
212,-0,0,0,0.00067076
213,-0,0,0,0.00067071
214,-0,0,0,0.00067071
215,-0,0,0,0.00067071
216,5.7681e-22,1.8179e-172,0,0.00067072
217,3.3812e-17,6.9678e-167,0,0.00067237
218,2.0131e-17,1.0405e-166,0,0.00067141
219,9.5648e-18,1.78e-166,0,0.00067179
220,7.1857e-17,1.3666e-167,0,0.00067092
221,-0,0,0,0.00067071
222,1.9993e-17,1.8777e-167,0,0.00067137
223,-8.7119e-17,1.1613e-166,0,0.00067115
224,-1.0149e-15,4.5963e-166,0,0.00067297
225,-0,0,0,0.00067072
226,-0,0,0,0.00067071
227,-2.3043e-18,7.6767e-168,0,0.0006709
228,-0,0,0,0.00067071
229,2.0381e-17,9.0327e-167,0,0.0006719
230,5.7681e-22,1.8179e-172,0,0.00067072
231,-0,0,0,0.00067071
232,-0,0,0,0.00067071
233,-0,0,0,0.00067071
234,-0,0,0,0.00067071
235,1.7076e-19,2.0856e-170,0,0.00067072
236,-0,0,0,0.00067071
237,-0,0,0,0.00067071
238,-1.0934e-15,4.3413e-166,0,0.00067315
239,6.4775e-19,3.3165e-169,0,0.00067072
240,-0,0,0,0.00067071
241,-5.9098e-16,1.4951e-166,0,0.00067259
242,-0,0,0,0.00067071
243,5.4168e-17,3.0671e-167,0,0.00067099
244,4.9844e-18,5.6878e-168,0,0.00067104
245,-0,0,0,0.000671
246,-0,0,0,0.00067071
247,-0,0,0,0.00067071
248,-0,0,0,0.00067071
249,2.7716e-16,1.5315e-166,0,0.00067121
250,6.3284e-19,7.0887e-169,0,0.00067078
251,-0,0,0,0.00067071
252,-0,0,0,0.00067071
253,-7.9965e-17,2.0695e-167,0,0.00067082
254,-0,0,0,0.00067071
255,1.6253e-18,7.1618e-168,0,0.00067075
256,-9.5431e-17,1.2876e-166,0,0.00067138
257,6.4805e-17,1.4547e-166,0,0.00067146
258,-0,0,0,0.00067071
259,-7.9098e-18,1.6669e-166,0,0.00067258
260,-0,0,0,0.00067071
261,-0,0,0,0.00067071
262,9.1301e-18,1.2267e-167,0,0.00067082
263,-0,0,0,0.00067071
264,-7.7057e-16,3.9724e-166,0,0.00067259
265,-0,0,0,0.00067071
266,-0,0,0,0.00067071
267,7.9239e-17,1.007e-167,0,0.00067083
268,2.9197e-16,1.5499e-166,0,0.00067118
269,0.31416,0.0010367,0,0.00067136
270,-0,0,0,0.00067071
271,-0,0,0,0.00067071
272,-0,0,0,0.00067071
273,2.2254e-17,7.8083e-168,0,0.00067118
274,4.1879e-18,5.9001e-168,0,0.00067075
275,2.3411e-17,5.6882e-168,0,0.00067073
276,-0,0,0,0.00067071
277,4.8502e-18,5.1156e-168,0,0.00067081
278,-7.3635e-16,4.9061e-166,0,0.00067382
279,3.5802e-18,1.6848e-168,0,0.00067072
280,-6.9101e-17,9.0118e-167,0,0.00067086
281,-5.8187e-17,3.1879e-167,0,0.0006708
282,6.4896e-17,6.2054e-167,0,0.00067089
283,2.1473e-16,7.657e-167,0,0.00067169
284,-0,0,0,0.00067072
285,-0,0,0,0.00067071
286,-0,0,0,0.00067071
287,1.8423e-17,1.7476e-167,0,0.00067074
288,1.7865e-18,1.3707e-166,0,0.0006722
289,3.8919e-17,3.162e-167,0,0.00067163
290,-3.0882e-18,5.3847e-168,0,0.00067075
291,-0,0,0,0.00067071
292,-0,0,0,0.00067071
293,1.1903e-17,1.4847e-167,0,0.0006714
294,-0,0,0,0.00067071
295,-2.2655e-17,1.4211e-167,0,0.00067088
296,1.2739e-17,6.758e-167,0,0.00067119
297,3.4935e-17,1.0178e-167,0,0.00067078
298,1.5448e-16,3.9176e-167,0,0.00067121
299,3.5686e-16,4.7248e-167,0,0.00067137
300,1.5476e-17,3.7575e-168,0,0.00067076
301,7.8086e-18,3.2114e-168,0,0.00067073
302,-0,0,0,0.00067071
303,0.060529,0.0018276,0,0.00067109
304,-0,0,0,0.00067071
305,2.4042e-18,1.5801e-168,0,0.00067079
306,-0,0,0,0.00067071
307,2.0727e-18,1.9533e-168,0,0.00067078
308,6.4611e-20,1.3085e-169,0,0.00067072
309,4.0784e-19,8.9849e-169,0,0.00067072
310,3.1387e-18,1.2834e-167,0,0.00067075
311,3.5521e-18,7.5136e-169,0,0.00067073
312,-4.2312e-18,3.5693e-168,0,0.00067075
313,-2.723e-17,4.8453e-167,0,0.00067095
314,-0,0,0,0.00067071
315,1.1906e-17,1.8532e-167,0,0.00067082
316,-7.6079e-17,7.1148e-167,0,0.00067106
317,-4.7714e-17,6.7304e-167,0,0.00067137
318,-0,0,0,0.00067071
319,-0,0,0,0.00067071
320,-0,0,0,0.00067071
321,-6.4339e-16,1.6423e-166,0,0.00067116
322,-0,0,0,0.00067071
323,-9.7122e-19,1.1028e-167,0,0.00067079
324,-0,0,0,0.00067071
325,-6.7473e-20,0,0,0.00067074
326,1.335e-16,8.8832e-167,0,0.0006714
327,-0,0,0,0.00067072
328,1.9818e-18,7.0568e-168,0,0.00067077
329,2.4926e-18,2.224e-169,0,0.00067072
330,-0,0,0,0.00067071
331,3.014e-17,6.1172e-168,0,0.00067073
332,-3.8275e-16,1.7641e-166,0,0.00067172
333,-7.5782e-16,2.4409e-166,0,0.00067134
334,-0,0,0,0.00067071
335,1.4967e-17,1.7734e-167,0,0.00067076
336,-0,0,0,0.00067071
337,-6.2819e-17,6.1621e-167,0,0.00067085
338,-8.3836e-19,9.8346e-169,0,0.00067074
339,-0,0,0,0.00067071
340,3.3766e-17,1.3883e-167,0,0.00067083
341,-2.7717e-18,9.9513e-168,0,0.00067077
342,-0,0,0,0.00067071
343,-0,0,0,0.00067071
344,4.9928e-18,6.0883e-168,0,0.00067076
345,4.7075e-17,4.2862e-167,0,0.0006711
346,-0,0,0,0.00067071
347,3.0788e-16,9.4451e-167,0,0.00067117
348,-0,0,0,0.00067071
349,2.4369e-17,3.561e-168,0,0.00067074
350,2.4095e-16,4.1423e-167,0,0.00067161
351,5.888e-17,3.9569e-167,0,0.00067087
352,1.2808e-17,1.1178e-167,0,0.00067074
353,-1.2464e-17,3.0397e-168,0,0.00067075
354,-0,0,0,0.00067071
355,1.9548e-18,1.2523e-168,0,0.00067073
356,6.4879e-19,2.4132e-168,0,0.00067073
357,1.0195e-17,1.2377e-167,0,0.00067204
358,2.0272e-17,6.9193e-169,0,0.00067072
359,-0,0,0,0.00067071
360,-0,0,0,0.00067071
361,1.5076e-16,1.867e-166,0,0.00067124
362,2.0247e-18,1.6848e-168,0,0.00067072
363,4.9409e-16,5.4757e-166,0,0.00067552
364,1.7076e-19,2.0856e-170,0,0.00067072
365,-4.3957e-18,9.7321e-168,0,0.00067074
366,-0,0,0,0.00067071
367,-0,0,0,0.00067071
368,-2.4401e-16,9.1308e-167,0,0.0006711
369,-0,0,0,0.00067071
370,1.4111e-17,9.9455e-169,0,0.00067073
371,2.2798e-17,5.0715e-168,0,0.00067078
372,-0,0,0,0.00067071
373,9.3225e-20,9.1395e-170,0,0.00067074
374,6.1949e-17,4.0972e-167,0,0.0006708
375,-0,0,0,0.00067071
376,-0,0,0,0.00067071
377,-2.0742e-16,2.3501e-166,0,0.00067346
378,9.8878e-18,8.2689e-168,0,0.00067084
379,2.5613e-17,1.2898e-168,0,0.00067075
380,-1.2688e-16,2.3676e-168,0,0.00067093
381,1.6954e-17,1.7368e-168,0,0.00067077
382,-2.1083e-20,3.2033e-170,0,0.00067072
383,5.1632e-18,1.4032e-167,0,0.00067083
384,7.9312e-19,7.7449e-169,0,0.00067077
385,1.5862e-18,1.5785e-168,0,0.00067141
386,-0,0,0,0.00067071
387,8.0495e-16,1.44e-165,0,0.00067548
388,1.7076e-19,2.0856e-170,0,0.00067073
389,3.8132e-17,1.0757e-166,0,0.00067118
390,7.0237e-18,9.4599e-168,0,0.00067092
391,1.2841e-17,3.4516e-168,0,0.00067077
392,-0,0,0,0.00067071
393,-8.8104e-16,3.2675e-166,0,0.0006717
394,8.5843e-17,1.0046e-166,0,0.00067115
395,-0,0,0,0.00067071
396,1.6858e-18,1.0148e-167,0,0.00067086
397,-0,0,0,0.00067071
398,-0,0,0,0.00067071
399,2.4233e-16,3.3606e-166,0,0.00067179
400,1.3695e-18,1.021e-168,0,0.00067136
401,1.4298e-17,1.1334e-168,0,0.00067074
402,1.1635e-16,2.7293e-167,0,0.00067196
403,1.9166e-19,5.5429e-170,0,0.00067072
404,-0,0,0,0.00067071
405,-3.0213e-17,4.3541e-167,0,0.00067076
406,3.1949e-17,1.4335e-167,0,0.00067082
407,-0,0,0,0.00067071
408,-0,0,0,0.00067071
409,8.7306e-18,2.4405e-167,0,0.00067087
410,2.7083e-17,3.5195e-166,0,0.00067223
411,-0,0,0,0.00067071
412,-0,0,0,0.00067071
413,-0,0,0,0.00067071
414,-5.0013e-17,1.584e-167,0,0.00067078
415,1.13e-16,4.4606e-167,0,0.00067112
416,9.0774e-18,7.6816e-168,0,0.0006708
417,2.4239e-16,3.0725e-166,0,0.00067186
418,0.12106,0.002869,0,0.00067245
419,6.0716e-19,1.0341e-168,0,0.00067073
420,5.137e-17,4.7002e-168,0,0.00067094
421,2.2791e-18,2.9502e-168,0,0.00067075
422,2.3404e-18,2.7869e-167,0,0.00067091
423,-0,0,0,0.00067071
424,-6.6901e-18,1.2594e-168,0,0.00067082
425,-0,0,0,0.00067071
426,9.665e-17,6.3386e-168,0,0.00067086
427,1.4578e-16,3.5429e-167,0,0.00067149
428,3.7176e-18,2.389e-168,0,0.00067078
429,-0,0,0,0.00067071
430,-0,0,0,0.00067071
431,1.3718e-16,1.0039e-166,0,0.00067103
432,1.4552e-17,1.7229e-167,0,0.0006708
433,-0,0,0,0.00067071
434,3.5948e-17,7.5981e-167,0,0.00067148
435,-0,0,0,0.00067071
436,4.4623e-17,5.2045e-167,0,0.00067122
437,6.4611e-20,1.3085e-169,0,0.00067072
438,4.9599e-17,4.8101e-167,0,0.00067084
439,1.433e-17,1.1812e-167,0,0.00067086
440,5.7852e-18,2.4242e-168,0,0.00067138
441,9.1303e-19,2.6604e-167,0,0.00067085
442,-0,0,0,0.00067071
443,-0,0,0,0.00067071
444,3.5149e-17,5.4951e-167,0,0.00067086
445,1.982e-19,1.4354e-169,0,0.00067072
446,-1.349e-17,6.3886e-168,0,0.00067073
447,-0,0,0,0.00067071
448,-0.31362,0.00083141,0,0.00067159
449,-3.0379e-17,9.365e-167,0,0.00067124
450,-1.9119e-17,1.2813e-167,0,0.00067074
451,4.0538e-18,1.5369e-167,0,0.00067079
452,4.4027e-18,2.3769e-168,0,0.00067073
453,2.1877e-17,2.1992e-168,0,0.00067079
454,-4.7146e-16,1.4396e-165,0,0.00068859
455,-0,0,0,0.00067071
456,-0,0,0,0.00067071
457,-0,0,0,0.00067071
458,-0,0,0,0.00067071
459,-0,0,0,0.00067071
460,9.4905e-17,2.0755e-166,0,0.0006716
461,4.0386e-17,3.9126e-167,0,0.00067091
462,-0,0,0,0.00067071
463,-0,0,0,0.00067071
464,-0,0,0,0.00067071
465,4.9133e-17,4.1396e-167,0,0.00067092
466,7.8565e-18,3.6082e-168,0,0.00067074
467,1.7986e-16,1.5109e-166,0,0.00067139
468,1.7894e-16,2.9549e-166,0,0.00067195
469,-4.8931e-17,1.9142e-166,0,0.00067199
470,5.2255e-19,2.2095e-168,0,0.00067073
471,-0,0,0,0.00067071
472,4.8704e-17,6.247e-167,0,0.00067099
473,-0,0,0,0.00067071
474,-0,0,0,0.00067072
475,4.1223e-17,2.1857e-167,0,0.00067088
476,-0,0,0,0.00067071
477,-1.273e-16,2.1847e-166,0,0.00067254
478,-0,0,0,0.00067071
479,7.9246e-17,5.6221e-167,0,0.00067108
480,1.1594e-17,7.8742e-167,0,0.00067167
481,1.3106e-16,3.2981e-167,0,0.00067187
482,-0,0,0,0.00067071
483,2.5258e-17,1.5431e-167,0,0.00067078
484,4.0206e-17,1.6684e-166,0,0.00067152
485,-0,0,0,0.00067071
486,-0,0,0,0.00067071
487,1.3695e-18,9.8351e-169,0,0.00067072
488,-0,0,0,0.00067071
489,-5.2091e-17,2.0822e-166,0,0.00067131
490,1.7612e-17,1.364e-167,0,0.00067085
491,5.6141e-19,2.224e-169,0,0.00067072
492,4.8036e-16,3.2428e-166,0,0.00067265
493,1.1871e-16,1.0926e-166,0,0.00067128
494,4.7306e-18,1.5773e-168,0,0.00067072
495,2.4904e-17,1.4949e-166,0,0.00067118
496,2.2681e-17,7.5828e-168,0,0.00067108
497,-0,0,0,0.00067071
498,-1.0542e-16,1.2153e-166,0,0.00067114
499,1.2237e-17,4.4887e-167,0,0.00067079
500,6.7951e-18,5.6359e-168,0,0.00067072
501,1.2309e-16,1.6438e-166,0,0.00067264
502,-7.0578e-19,1.8263e-168,0,0.00067073
503,-3.4211e-17,3.7554e-166,0,0.00067095
504,6.9541e-18,6.8735e-168,0,0.0006708
505,-2.6242e-19,1.3692e-169,0,0.00067075
506,8.8753e-20,6.1666e-169,0,0.00067072
507,-5.6362e-16,6.0573e-167,0,0.00067108
508,-4.1709e-16,6.0447e-166,0,0.00067592
509,-0,0,0,0.00067072
510,-0,0,0,0.00067071
511,1.923e-17,4.003e-167,0,0.00067155
512,-3.8734e-17,6.0785e-166,0,0.00067523
513,-0,0,0,0.00067071
514,-0,0,0,0.00067071
515,-1.7944e-16,3.6964e-166,0,0.0006714
516,8.3318e-19,3.7938e-169,0,0.00067072
517,-8.835e-19,1.5729e-168,0,0.00067077
518,7.2265e-18,1.1317e-167,0,0.00067076
519,2.6309e-17,1.0383e-166,0,0.00067155
520,-0,0,0,0.00067071
521,1.018e-17,5.6882e-168,0,0.00067076
522,-0,0,0,0.00067071
523,-0,0,0,0.00067071
524,5.6628e-16,1.2754e-165,0,0.00067449
525,4.3326e-18,5.3427e-168,0,0.00067079
526,-0,0,0,0.00067071
527,1.439e-18,2.5707e-168,0,0.00067073
528,-0,0,0,0.00067071
529,-0,0,0,0.00067071
530,-0,0,0,0.00067071
531,-0,0,0,0.00067071
532,-1.2206e-17,1.232e-167,0,0.00067082
533,-0,0,0,0.00067071
534,3.2728e-18,9.0684e-169,0,0.00067072
535,7.7717e-17,2.8293e-167,0,0.00067107
536,3.0391e-16,1.4171e-166,0,0.00067137
537,3.2277e-19,2.8182e-169,0,0.00067072
538,8.646e-18,3.3392e-168,0,0.00067074
539,4.6047e-18,4.3427e-167,0,0.00067108
540,-5.7207e-17,1.2792e-166,0,0.00067106
541,-1.8285e-17,2.064e-167,0,0.00067075
542,-0,0,0,0.00067071
543,-8.3836e-19,9.8346e-169,0,0.00067074
544,9.0795e-19,2.4344e-169,0,0.00067073
545,-0,0,0,0.00067071
546,-0,0,0,0.00067071
547,-3.9864e-16,2.5096e-166,0,0.00067204
548,-0,0,0,0.00067071
549,6.2802e-19,2.0965e-168,0,0.00067073
550,-1.459e-17,2.1742e-167,0,0.00067077
551,5.6141e-19,2.224e-169,0,0.00067072
552,-0,0,0,0.00067071
553,-1.2673e-17,1.8509e-167,0,0.00067085
554,3.2307e-17,1.9383e-167,0,0.00067078
555,-3.3112e-17,5.7129e-167,0,0.00067094
556,1.1058e-16,1.0697e-166,0,0.00067116
557,-0,0,0,0.00067071
558,-0,0,0,0.00067071
559,-1.6399e-16,2.1882e-166,0,0.00067179
560,6.8337e-17,1.0389e-166,0,0.00067114
561,2.2065e-16,1.4785e-166,0,0.00067244
562,1.9731e-17,1.0118e-167,0,0.00067082
563,1.5232e-16,1.2378e-166,0,0.00067104
564,1.2219e-17,1.4464e-168,0,0.00067077
565,-0,0,0,0.00067071
566,8.197e-17,1.0152e-166,0,0.00067118
567,6.3904e-17,6.1546e-167,0,0.00067135
568,-3.0316e-16,2.0841e-165,0,0.00068046
569,-0,0,0,0.00067071
570,1.9311e-16,2.2165e-166,0,0.00067178
571,-0,0,0,0.00067071
572,-2.7648e-16,8.2573e-167,0,0.00067094
573,7.9678e-18,8.346e-167,0,0.00067121
574,7.0069e-16,6.9893e-166,0,0.00067376
575,-2.0599e-18,6.6466e-167,0,0.00067087
576,-0,0,0,0.00067071
577,-1.2109e-18,1.6744e-167,0,0.00067082
578,9.288e-18,5.9102e-168,0,0.00067072
579,4.9091e-17,7.1708e-167,0,0.00067099
580,-0.31362,0.0010609,0,0.00067137
581,-0,0,0,0.00067071
582,-0,0,0,0.00067071
583,0.31416,0.00094805,0,0.00067146
584,2.329e-16,2.4104e-167,0,0.00067104
585,9.8259e-17,2.7921e-166,0,0.00067335
586,-0,0,0,0.00067071
587,2.3014e-18,6.8408e-167,0,0.00067117
588,-0,0,0,0.00067072
589,5.6645e-18,1.1038e-166,0,0.00067116
590,2.2626e-17,1.5929e-167,0,0.00067079
591,2.3942e-17,1.5711e-167,0,0.00067078
592,-0,0,0,0.00067071
593,-0,0,0,0.00067071
594,-0,0,0,0.00067071
595,-0,0,0,0.00067071
596,5.7549e-17,7.8061e-167,0,0.00067127
597,1.6167e-19,1.5516e-168,0,0.00067077
598,1.3454e-17,3.479e-167,0,0.00067087
599,-0,0,0,0.00067071
600,6.0033e-17,6.6908e-167,0,0.00067164
601,4.5717e-19,5.6564e-169,0,0.00067075
602,8.7554e-17,5.9212e-167,0,0.00067095
603,-0,0,0,0.00067072
604,-1.1457e-16,7.8409e-166,0,0.00067373
605,-1.5655e-18,9.5896e-168,0,0.0006709
606,-0,0,0,0.00067071
607,-0,0,0,0.00067071
608,-0,0,0,0.00067071
609,-0,0,0,0.00067071
610,2.03e-17,2.8622e-167,0,0.00067088
611,-0,0,0,0.00067071
612,1.5226e-16,3.5526e-166,0,0.00067279
613,9.0957e-18,1.4529e-167,0,0.00067085
614,-2.0971e-18,7.0145e-168,0,0.00067105
615,5.3935e-16,5.1468e-166,0,0.00067322
616,-0,0,0,0.00067072
617,3.3685e-18,9.9639e-168,0,0.00067085
618,3.1803e-16,4.0072e-166,0,0.00067215
619,1.4935e-17,1.4186e-167,0,0.00067083
620,3.357e-17,1.4478e-166,0,0.00067126
621,-0,0,0,0.00067071
622,4.0627e-16,6.8417e-168,0,0.00067141
623,3.0207e-17,1.7974e-167,0,0.00067084
624,-0,0,0,0.00067072
625,-3.3269e-16,1.0445e-166,0,0.00067105
626,6.5891e-18,7.4596e-168,0,0.00067094
627,-0,0,0,0.00067071
628,8.3318e-19,3.7938e-169,0,0.00067072
629,-0,0,0,0.00067071
630,-0,0,0,0.00067071
631,1.5704e-17,9.4109e-167,0,0.00067107
632,-0,0,0,0.00067071
633,-0,0,0,0.00067071
634,1.5458e-17,2.1661e-167,0,0.00067097
635,5.5119e-19,2.5044e-168,0,0.00067075
636,-0,0,0,0.00067071
637,4.3866e-17,1.0005e-167,0,0.00067097
638,-0,0,0,0.00067071
639,-0,0,0,0.00067071
640,-2.5769e-17,2.7472e-167,0,0.00067084
641,1.2515e-17,1.534e-167,0,0.00067105
642,2.5085e-17,1.9357e-167,0,0.00067087
643,-0,0,0,0.00067073
644,1.7531e-16,2.7566e-166,0,0.00067195
645,3.7626e-17,5.924e-167,0,0.00067096
646,3.8459e-19,4.4471e-169,0,0.00067073
647,5.1956e-17,1.7728e-166,0,0.00067178
648,-2.0036e-16,1.4518e-166,0,0.00067089
649,3.3335e-17,3.8988e-167,0,0.00067091
650,4.1589e-18,3.3989e-168,0,0.00067085
651,-0,0,0,0.00067071
652,1.4605e-17,2.5922e-167,0,0.00067083
653,1.903e-18,8.3906e-169,0,0.00067072
654,-0,0,0,0.00067071
655,-0,0,0,0.00067071
656,-0,0,0,0.00067071
657,2.8654e-18,2.8498e-168,0,0.00067089
658,-0,0,0,0.00067071
659,-9.102e-16,3.0629e-166,0,0.00067772
660,1.0391e-17,3.9416e-167,0,0.0006711
661,1.4342e-16,9.6271e-167,0,0.00067113
662,-4.0843e-17,4.3476e-167,0,0.00067078
663,-0,0,0,0.00067071
664,5.6139e-17,1.1751e-166,0,0.00067133
665,-0,0,0,0.00067071
666,-0,0,0,0.00067071
667,-1.2514e-18,5.2636e-168,0,0.00067081
668,2.9343e-18,2.3253e-168,0,0.00067085
669,3.3324e-17,7.2992e-167,0,0.00067124
670,-2.1422e-19,1.3665e-168,0,0.00067074
671,-2.3878e-17,7.2786e-168,0,0.00067106
672,-0,0,0,0.00067071
673,-0,0,0,0.00067071
674,9.6896e-17,1.5521e-167,0,0.00067078
675,4.1479e-17,7.9193e-167,0,0.00067151
676,9.9173e-17,2.02e-166,0,0.00067133
677,-2.9138e-18,1.5326e-168,0,0.00067073
678,-0,0,0,0.00067071
679,-5.9168e-18,2.4675e-167,0,0.00067075
680,4.5126e-18,1.5218e-168,0,0.00067072
681,-3.3946e-16,5.5526e-167,0,0.00067152
682,-0,0,0,0.00067071
683,2.1442e-18,3.5586e-168,0,0.00067079
684,-7.9841e-18,1.0949e-167,0,0.00067074
685,4.1875e-17,1.9098e-167,0,0.00067103
686,-0,0,0,0.00067071
687,5.7695e-18,3.9538e-168,0,0.00067074
688,9.2561e-17,3.0853e-166,0,0.00067143
689,0.58197,0.0021144,0,0.00067136
690,-0,0,0,0.00067071
691,4.4039e-18,6.0115e-168,0,0.00067082
692,-0,0,0,0.00067071
693,1.6666e-17,1.7061e-167,0,0.00067075
694,-2.3381e-17,3.8512e-166,0,0.00067096
695,-0,0,0,0.00067071
696,-0,0,0,0.00067073
697,-0,0,0,0.00067071
698,-0,0,0,0.00067071
699,-8.912e-17,2.5903e-166,0,0.00067223
700,-0,0,0,0.00067071
701,6.4611e-20,1.3085e-169,0,0.00067072
702,1.669e-16,9.5593e-167,0,0.00067128
703,8.9327e-17,9.6118e-167,0,0.00067101
704,1.0539e-18,1.7101e-168,0,0.00067072
705,-0,0,0,0.00067074
706,-0,0,0,0.00067071
707,-0,0,0,0.00067071
708,2.1975e-16,6.9579e-167,0,0.00067081
709,-3.4064e-20,3.2215e-170,0,0.00067074
710,-0,0,0,0.00067071
711,-1.0585e-18,1.7336e-167,0,0.0006709
712,-1.922e-18,4.3303e-168,0,0.00067076
713,-1.3646e-17,7.3398e-168,0,0.00067078
714,3.4035e-17,2.3721e-167,0,0.00067079
715,2.2543e-18,2.4916e-168,0,0.00067073
716,8.3318e-19,3.7938e-169,0,0.00067072
717,-0,0,0,0.00067071
718,-0,0,0,0.00067071
719,-0,0,0,0.00067071
720,3.587e-19,3.1846e-169,0,0.00067072
721,1.5417e-17,5.3182e-168,0,0.00067139
722,-3.4557e-18,1.7199e-167,0,0.00067076
723,-0,0,0,0.00067071
724,-0,0,0,0.00067071
725,8.8798e-17,3.1282e-167,0,0.00067091
726,9.5155e-17,1.229e-166,0,0.00067114
727,2.089e-17,2.1949e-167,0,0.00067096
728,-0,0,0,0.00067071
729,4.3677e-18,1.1939e-166,0,0.00067135
730,-5.5902e-17,1.1298e-167,0,0.00067133
731,8.9244e-18,5.124e-168,0,0.00067077
732,8.4438e-20,3.9468e-170,0,0.00067104
733,-0,0,0,0.00067071
734,-0,0,0,0.00067071
735,4.2805e-17,1.3255e-167,0,0.00067092
736,1.3019e-16,1.8551e-166,0,0.00067115
737,-5.5823e-17,6.7561e-167,0,0.00067283
738,-0,0,0,0.00067071
739,1.1093e-17,8.8254e-168,0,0.00067108
740,-7.4415e-18,1.7427e-167,0,0.00067076
741,3.1625e-18,1.4117e-167,0,0.00067086
742,-0,0,0,0.00067071
743,3.7931e-17,2.9557e-167,0,0.000671
744,-1.02e-19,1.9788e-168,0,0.00067072
745,-0,0,0,0.00067073
746,-0,0,0,0.00067071
747,-5.3962e-18,6.381e-167,0,0.00067114
748,-0,0,0,0.00067071
749,8.301e-20,3.0225e-167,0,0.0006708
750,-0,0,0,0.00067071
751,-0,0,0,0.00067071
752,-0,0,0,0.00067071
753,-0,0,0,0.00067071
754,5.5951e-17,4.3705e-166,0,0.00067182
755,4.2956e-17,1.0538e-166,0,0.00067107
756,2.1019e-17,6.8341e-168,0,0.00067085
757,-7.792e-20,4.928e-170,0,0.00067073
758,-0,0,0,0.00067071
759,-0,0,0,0.00067071
760,-8.5406e-18,4.8221e-167,0,0.00067106
761,5.7681e-22,1.8179e-172,0,0.00067074
762,7.6852e-16,7.416e-166,0,0.00067346
763,-2.7118e-17,1.0945e-166,0,0.00067083
764,3.8446e-17,7.975e-167,0,0.00067099
765,-2.1774e-16,2.6247e-166,0,0.00067218
766,-1.2669e-17,2.9421e-167,0,0.00067082
767,1.1033e-16,5.0933e-167,0,0.00067111
768,1.7875e-16,4.3971e-166,0,0.0006715
769,-0,0,0,0.00067071
770,-0,0,0,0.00067071
771,1.0606e-17,3.8081e-167,0,0.00067073
772,-3.9017e-17,2.5665e-166,0,0.00067125
773,3.8579e-16,4.6509e-166,0,0.00067325
774,3.9251e-19,3.489e-169,0,0.00067107
775,9.435e-18,1.7501e-165,0,0.00067559
776,-1.2963e-17,2.9421e-167,0,0.00067072
777,3.8914e-17,1.7683e-166,0,0.00067151
778,-9.7569e-17,4.9611e-166,0,0.00067193
779,-0,0,0,0.00067071
780,-0,0,0,0.00067071
781,3.4114e-16,4.3281e-166,0,0.00067412
782,2.5734e-18,2.8889e-167,0,0.00067142
783,-0,0,0,0.00067071
784,-1.828e-17,3.3381e-167,0,0.00067076
785,-0,0,0,0.00067071
786,4.4146e-18,2.1759e-168,0,0.00067083
787,-9.9748e-16,5.5366e-166,0,0.00067201
788,-3.0945e-17,4.8137e-167,0,0.00067107
789,-0,0,0,0.00067071
790,-6.6683e-20,6.1152e-169,0,0.00067073
791,-7.9941e-16,3.4106e-167,0,0.00067146
792,2.2071e-18,1.1888e-168,0,0.00067074
793,-1.0579e-15,9.3872e-166,0,0.00067498
794,-0,0,0,0.00067071
795,-0,0,0,0.00067071
796,-3.6067e-17,7.8124e-167,0,0.0006708
797,-0,0,0,0.00067075
798,-0,0,0,0.00067071
799,-0,0,0,0.00067071
800,-0,0,0,0.00067071
801,2.173e-17,5.4105e-167,0,0.00067081
802,-2.3578e-21,1.8179e-172,0,0.00067073
803,-3.7941e-17,7.191e-167,0,0.00067078
804,5.7681e-22,1.8179e-172,0,0.00067072
805,1.9756e-17,3.5863e-167,0,0.00067112
806,-2.1435e-16,2.3081e-166,0,0.00067117
807,1.3081e-17,1.3762e-166,0,0.00067112
808,-3.3776e-16,9.2716e-167,0,0.00067109
809,-3.0244e-17,6.9361e-167,0,0.00067104
810,9.8801e-19,1.6085e-168,0,0.00067072
811,1.5054e-17,4.7287e-167,0,0.00067089
812,-2.3578e-21,1.8179e-172,0,0.00067072
813,3.3252e-16,1.3891e-166,0,0.0006717
814,-3.597e-17,1.0351e-166,0,0.00067084
815,5.3065e-17,1.1467e-166,0,0.00067096
816,3.9045e-17,1.4743e-166,0,0.00067146
817,-7.0364e-18,2.503e-167,0,0.00067089
818,-1.8249e-17,1.1055e-166,0,0.00067185
819,-0,0,0,0.00067071
820,2.2626e-119,0,0,0.00067168
821,3.8748e-119,0,0,0.00067104
822,1.1784e-17,2.6723e-167,0,0.0006709
823,-2.5956e-16,8.8422e-167,0,0.00067123
824,5.4155e-17,1.8334e-166,0,0.00067135
825,-0,0,0,0.00067071
826,5.2737e-18,3.5762e-167,0,0.0006711
827,-9.2214e-19,3.0131e-167,0,0.00067073
828,7.8496e-17,1.7959e-166,0,0.00067116
829,-2.1162e-18,3.5713e-167,0,0.00067087
830,-1.7627e-16,1.1404e-166,0,0.00067101
831,7.1299e-17,1.5159e-167,0,0.00067088
832,-0,0,0,0.00067071
833,-2.3578e-21,1.8179e-172,0,0.00067072
834,-0,0,0,0.00067071
835,1.6401e-16,1.9927e-166,0,0.00067213
836,1.4918e-18,1.5563e-167,0,0.00067096
837,7.2538e-17,1.285e-166,0,0.0006711
838,9.1914e-17,5.4005e-167,0,0.00067101
839,2.0707e-17,2.1491e-166,0,0.00067119
840,-2.0041e-18,2.1903e-168,0,0.00067075
841,-1.607e-17,2.9467e-167,0,0.00067073
842,6.1579e-17,7.1498e-167,0,0.00067141
843,-6.379e-16,6.591e-166,0,0.00067199
844,-0,0,0,0.00067071
845,-0,0,0,0.00067071
846,8.1831e-20,1.0697e-169,0,0.00067072
847,3.6043e-18,8.2616e-168,0,0.0006708
848,-0,0,0,0.00067071
849,-0,0,0,0.00067071
850,-2.9783e-19,7.1032e-169,0,0.00067074
851,-2.4657e-16,1.3301e-165,0,0.00067506
852,1.549e-17,9.7232e-167,0,0.00067136
853,-0,0,0,0.00067071
854,-1.2307e-17,2.9421e-167,0,0.00067072
855,-1.0296e-16,5.9796e-165,0,0.00072136
856,2.5772e-16,7.0852e-166,0,0.00067403
857,4.9286e-17,4.5207e-167,0,0.00067097
858,-8.9361e-18,2.9682e-168,0,0.00067077
859,-1.3074e-17,3.2046e-167,0,0.00067075
860,-1.164e-16,1.7424e-166,0,0.0006713
861,-6.335e-17,3.632e-166,0,0.00067085
862,6.236e-17,1.0667e-166,0,0.00067078
863,4.3642e-16,2.9315e-166,0,0.00067087
864,2.7359e-17,3.9018e-167,0,0.00067086
865,1.8294e-17,2.0776e-166,0,0.00067132
866,-0,0,0,0.00067071
867,-0,0,0,0.00067071
868,-0,0,0,0.00067071
869,-0,0,0,0.00067071
870,-1.214e-17,1.9357e-167,0,0.00067076
871,-0,0,0,0.00067071
872,-0,0,0,0.00067071
873,-7.1863e-18,4.4409e-167,0,0.00067082
874,-2.0609e-16,1.6241e-166,0,0.00067101
875,-0.06795,0.0016157,0,0.00067139
876,-3.9644e-17,6.3917e-167,0,0.00067073
877,-0,0,0,0.00067071
878,-2.8632e-17,5.8565e-167,0,0.00067084
879,2.0044e-17,9.9071e-168,0,0.00067083
880,9.8551e-17,1.4683e-165,0,0.00067659
881,5.1057e-17,5.1934e-167,0,0.00067083
882,-2.1938e-17,8.685e-167,0,0.0006717
883,-1.2742e-17,3.7959e-167,0,0.00067075
884,-0,0,0,0.00067072
885,4.1175e-17,3.3143e-167,0,0.00067081
886,4.5005e-17,1.4288e-166,0,0.00067163
887,2.461e-17,8.2947e-168,0,0.00067081
888,-0,0,0,0.00067071
889,-0,0,0,0.00067071
890,-0,0,0,0.00067072
891,-1.1827e-17,3.0141e-167,0,0.00067074
892,5.23e-16,5.3223e-166,0,0.00067421
893,-3.5096e-17,1.1072e-166,0,0.0006708
894,7.9482e-19,1.2467e-167,0,0.00067072
895,8.7539e-17,1.6618e-166,0,0.00067115
896,5.7681e-22,1.8179e-172,0,0.00067083
897,5.7046e-17,3.4726e-167,0,0.00067083
898,-0,0,0,0.00067084
899,-8.3088e-17,1.8577e-166,0,0.00067101
900,2.9422e-16,7.7347e-166,0,0.00067352
901,-1.3214e-17,8.8315e-167,0,0.00067082
902,-0,0,0,0.00067071
903,-1.7813e-17,3.0258e-167,0,0.00067073
904,-8.2994e-17,2.4489e-166,0,0.000671
905,-0,0,0,0.00067071
906,-0,0,0,0.00067071
907,-1.7934e-16,3.9238e-166,0,0.00067183
908,2.8935e-18,2.2991e-168,0,0.00067073
909,3.0013e-16,3.2128e-166,0,0.00067131
910,-0,0,0,0.00067071
911,-1.1118e-17,1.4266e-168,0,0.00067102
912,-0,0,0,0.00067072
913,-0,0,0,0.00067071
914,-7.9727e-18,3.5011e-167,0,0.00067082
915,6.2521e-18,6.4868e-167,0,0.00067076
916,4.959e-17,1.2261e-166,0,0.00067102
917,-0,0,0,0.00067071
918,-3.8912e-17,1.0489e-166,0,0.00067108
919,5.4994e-17,8.1919e-167,0,0.00067108
920,-2.9783e-19,7.1032e-169,0,0.0006708
921,1.8576e-19,1.1906e-166,0,0.00067113
922,-1.3011e-16,5.5934e-166,0,0.00067174
923,-0,0,0,0.00067071
924,-0,0,0,0.00067071
925,-1.1905e-18,3.6162e-167,0,0.00067075
926,-2.3578e-21,1.8179e-172,0,0.00067072
927,-1.2248e-17,2.63e-166,0,0.00067127
928,-0,0,0,0.00067071
929,-0,0,0,0.00067071
930,-1.3403e-16,4.2532e-166,0,0.00067108
931,-3.8255e-19,1.1897e-168,0,0.00067073
932,4.9744e-17,3.0722e-167,0,0.00067082
933,1.8354e-17,7.5621e-168,0,0.00067076
934,-1.0268e-16,4.5319e-166,0,0.0006717
935,1.422e-16,5.5995e-166,0,0.00067343
936,1.0692e-17,2.2458e-167,0,0.00067089
937,-1.0435e-16,1.1304e-166,0,0.00067093
938,5.248e-18,5.3795e-167,0,0.0006708
939,-0,0,0,0.00067071
940,-1.1196e-17,5.0095e-167,0,0.00067096
941,9.4837e-19,8.133e-167,0,0.00067083
942,8.5792e-17,9.27e-167,0,0.00067092
943,-1.0386e-17,1.7173e-166,0,0.00067133
944,1.208e-17,3.5341e-167,0,0.00067091
945,-0,0,0,0.00067071
946,-4.8294e-16,2.36e-166,0,0.00067159
947,7.6747e-18,2.7088e-167,0,0.00067089
948,-0,0,0,0.00067071
949,-0,0,0,0.00067071
950,-1.5121e-18,1.5913e-166,0,0.00067105
951,-1.2332e-19,2.7117e-169,0,0.00067075
952,1.0887e-17,1.5654e-167,0,0.00067078
953,1.8409e-17,6.2033e-166,0,0.00067196
954,-0,0,0,0.00067071
955,2.0404e-18,1.6178e-166,0,0.00067083
956,4.3229e-16,6.2906e-166,0,0.00067338
957,-0,0,0,0.00067071
958,-1.0733e-17,1.0287e-167,0,0.00067076
959,1.6066e-17,1.023e-166,0,0.0006708
960,5.9409e-17,4.5481e-167,0,0.00067085
961,2.2321e-17,1.9231e-167,0,0.00067077
962,-3.4486e-18,1.1562e-167,0,0.00067078
963,3.1651e-19,4.1675e-170,0,0.00067077
964,8.6032e-18,3.2323e-168,0,0.00067074
965,-4.3692e-17,1.4276e-166,0,0.00067092
966,1.6183e-16,5.5193e-166,0,0.00067159
967,1.948e-17,2.305e-167,0,0.00067095
968,9.4725e-18,1.7751e-167,0,0.0006711
969,-0,0,0,0.00067071
970,7.5237e-18,5.9653e-168,0,0.00067072
971,2.2667e-17,1.2567e-167,0,0.00067076
972,1.2774e-16,3.2531e-166,0,0.00067176
973,5.4476e-17,1.9072e-167,0,0.00067081
974,1.3798e-16,7.4739e-167,0,0.00067132
975,-9.7237e-18,3.2164e-167,0,0.00067075
976,-0,0,0,0.00067071
977,3.7043e-19,2.5763e-168,0,0.0006708
978,-0,0,0,0.00067071
979,-0,0,0,0.00067071
980,7.3234e-16,1.9391e-165,0,0.00067798
981,3.3044e-16,5.2052e-166,0,0.00067289
982,7.8652e-17,5.7837e-167,0,0.00067095
983,-0,0,0,0.00067071
984,-1.6144e-20,4.6306e-170,0,0.00067072
985,-0,0,0,0.00067071
986,-0,0,0,0.00067071
987,-0,0,0,0.00067071
988,-3.9827e-17,4.4064e-167,0,0.00067078
989,-5.926e-17,7.9424e-167,0,0.00067079
990,-0,0,0,0.00067071
991,3.0751e-18,1.1523e-168,0,0.00067072
992,-3.3249e-18,5.0649e-167,0,0.00067082
993,3.3099e-17,1.0542e-166,0,0.00067124
994,9.8603e-20,2.0493e-168,0,0.00067074
995,-3.1519e-16,1.4358e-166,0,0.00067105
996,-0,0,0,0.00067071
997,-0,0,0,0.00067071
998,1.4619e-17,5.2445e-167,0,0.000671
999,-0,0,0,0.00067071
1000,-1.5745e-15,3.3297e-165,0,0.00068424
1001,-1.5091e-18,6.8377e-168,0,0.00067079
1002,-0,0,0,0.00067071
1003,-3.8882e-16,2.6787e-166,0,0.00067166
1004,1.0673e-17,3.3228e-167,0,0.00067097
1005,-0,0,0,0.00067071
1006,-1.2963e-17,2.9421e-167,0,0.00067072
1007,9.7037e-17,1.9934e-166,0,0.00067109
1008,5.0123e-17,5.5663e-167,0,0.00067077
1009,-2.3601e-16,5.5683e-166,0,0.00067253
1010,2.4786e-17,7.4594e-167,0,0.00067175
1011,-0,0,0,0.00067071
1012,-0,0,0,0.00067071
1013,4.634e-17,3.8497e-167,0,0.00067084
1014,-1.4214e-18,3.9604e-168,0,0.00067072
1015,-3.7475e-17,1.3339e-166,0,0.00067091
1016,-0,0,0,0.00067071
1017,-0,0,0,0.00067071
1018,6.7261e-20,5.6539e-169,0,0.00067072
1019,-0,0,0,0.00067071
1020,2.1113e-17,2.113e-167,0,0.00067087
1021,1.0207e-17,1.8441e-168,0,0.00067079
1022,-0,0,0,0.00067071
1023,3.7442e-19,2.0011e-168,0,0.00067073
1024,3.011e-17,1.6769e-166,0,0.00067103
1025,9.9494e-20,5.654e-169,0,0.00067074
1026,2.4779e-18,3.5943e-167,0,0.00067078
1027,-0,0,0,0.00067071
1028,1.5765e-16,2.3892e-166,0,0.00067103
1029,-0,0,0,0.00067071
1030,-0,0,0,0.00067071
1031,-3.5556e-16,2.6947e-166,0,0.00067122
1032,-0,0,0,0.00067071
1033,-0,0,0,0.00067071
1034,-0,0,0,0.00067071
1035,-0,0,0,0.00067071
1036,-1.0898e-17,1.03e-166,0,0.00067106
1037,-7.7401e-17,1.1364e-165,0,0.00067448
1038,-1.6915e-17,8.1128e-167,0,0.00067088
1039,-0,0,0,0.00067071
1040,-4.7327e-17,8.9667e-167,0,0.00067112
1041,-3.0649e-16,5.9892e-166,0,0.00067276
1042,-0,0,0,0.00067071
1043,-0,0,0,0.00067071
1044,-1.7724e-17,3.9315e-167,0,0.00067078
1045,-6.1571e-17,8.8239e-167,0,0.00067106
1046,-0,0,0,0.00067071
1047,-4.4861e-17,2.0388e-166,0,0.00067166
1048,1.0243e-16,1.6109e-166,0,0.00067156
1049,-6.391e-17,8.1148e-167,0,0.00067091
1050,-0,0,0,0.00067071
1051,1.7624e-16,2.2167e-166,0,0.00067193
1052,-2.585e-16,2.2591e-166,0,0.00067146
1053,1.7339e-16,4.3646e-166,0,0.00067145
1054,-7.8765e-17,4.6868e-166,0,0.00067279
1055,4.9255e-17,3.8289e-167,0,0.00067099
1056,-0,0,0,0.00067071
1057,0.09919,0.0049907,0,0.00067173
1058,0.09919,0.0050032,0,0.00067172
1059,-0,0,0,0.00067071
1060,-3.9055e-17,9.3952e-168,0,0.00067076
1061,7.4943e-17,1.7272e-166,0,0.00067119
1062,2.1575e-17,8.8779e-167,0,0.00067083
1063,2.7207e-17,5.4509e-167,0,0.00067117
1064,-0,0,0,0.00067071
1065,4.6773e-16,4.1543e-166,0,0.00067397
1066,-0,0,0,0.00067071
1067,-0,0,0,0.00067071
1068,-2.6363e-17,3.5733e-167,0,0.00067073
1069,-8.3319e-19,8.3657e-169,0,0.00067074
1070,-1.03e-17,2.9739e-167,0,0.00067072
1071,-3.5554e-18,6.4618e-169,0,0.00067075
1072,-5.3999e-17,7.2903e-167,0,0.0006708
1073,-0,0,0,0.00067071
1074,2.0202e-18,2.2389e-168,0,0.00067075
1075,-0,0,0,0.00067071
1076,2.2045e-17,6.8889e-167,0,0.00067148
1077,3.6409e-18,4.6344e-167,0,0.00067079
1078,5.7681e-22,1.8179e-172,0,0.00067072
1079,-0,0,0,0.00067072
1080,-1.3176e-17,4.1595e-167,0,0.00067074
1081,7.2428e-17,1.3108e-166,0,0.00067155
1082,-1.8981e-16,9.3795e-167,0,0.00067158
1083,8.3054e-18,8.9691e-168,0,0.00067087
1084,3.6697e-18,2.7775e-168,0,0.00067073
1085,-2.9491e-17,8.2906e-167,0,0.00067088
1086,-0,0,0,0.00067071
1087,-1.7813e-17,3.0258e-167,0,0.00067073
1088,6.4177e-17,1.7723e-166,0,0.00067095
1089,-0,0,0,0.00067071
1090,-1.5204e-18,5.6558e-169,0,0.00067072
1091,2.7892e-17,8.4575e-167,0,0.00067111
1092,1.5735e-16,1.8132e-166,0,0.00067108
1093,1.2709e-17,1.4704e-167,0,0.00067077
1094,-0,0,0,0.00067071
1095,-4.3883e-17,5.1742e-167,0,0.00067151
1096,1.5738e-17,1.2102e-166,0,0.00067121
1097,-0,0,0,0.00067071
1098,-0,0,0,0.00067071
1099,-0,0,0,0.00067071
1100,-0,0,0,0.00067071
1101,-1.03e-16,1.1492e-165,0,0.00067747
1102,-1.2963e-17,2.9421e-167,0,0.00067072
1103,4.8291e-17,1.4995e-166,0,0.00067148
1104,-4.4515e-17,1.6549e-166,0,0.00067117
1105,-7.4849e-17,1.0469e-166,0,0.00067076
1106,-8.6717e-17,1.3926e-166,0,0.00067163
1107,-0,0,0,0.00067071
1108,-2.0417e-16,1.0275e-165,0,0.00067458
1109,-6.4621e-16,1.0538e-166,0,0.00067156
1110,-0,0,0,0.00067071
1111,-0,0,0,0.00067071
1112,1.1756e-17,9.8574e-167,0,0.00067178
1113,6.0055e-18,3.8417e-167,0,0.00067099
1114,7.6247e-18,5.2935e-169,0,0.00067074
1115,-1.8437e-17,1.3863e-166,0,0.00067124
1116,-7.0733e-17,5.3611e-167,0,0.00067078
1117,3.9724e-17,1.3463e-166,0,0.00067096
1118,-0,0,0,0.00067071
1119,5.423e-19,1.2568e-168,0,0.00067073
1120,-0,0,0,0.00067071
1121,1.5396e-17,4.5994e-168,0,0.00067076
1122,-0,0,0,0.00067071
1123,2.3338e-18,4.3783e-167,0,0.00067075
1124,-6.1955e-18,3.4569e-167,0,0.00067073
1125,6.0231e-17,3.174e-166,0,0.00067139
1126,-1.0869e-16,3.2472e-166,0,0.00067141
1127,-5.7728e-20,4.6311e-170,0,0.00067076
1128,-3.193e-16,1.4947e-166,0,0.00067101
1129,4.0432e-17,3.1979e-167,0,0.00067073
1130,-1.8955e-16,2.7255e-166,0,0.00067112
1131,-5.3716e-16,8.9778e-166,0,0.00067737
1132,-0,0,0,0.00067071
1133,2.1799e-16,1.7288e-166,0,0.00067124
1134,-0,0,0,0.00067071
1135,-3.3756e-17,9.1203e-166,0,0.00067484
1136,-0,0,0,0.00067071
1137,-0,0,0,0.00067071
1138,-0,0,0,0.00067071
1139,-0,0,0,0.00067071
1140,1.6421e-18,2.5889e-168,0,0.00067086
1141,1.6916e-16,6.9026e-167,0,0.00067097
1142,-0,0,0,0.00067071
1143,-0,0,0,0.00067071
1144,3.91e-17,3.9104e-167,0,0.00067103
1145,-0,0,0,0.00067071
1146,-2.955e-16,2.4085e-166,0,0.00067106
1147,-0,0,0,0.00067071
1148,-0,0,0,0.00067071
1149,-2.388e-18,3.3079e-167,0,0.00067074
1150,5.8331e-18,2.7866e-166,0,0.00067134
1151,-0,0,0,0.00067071
1152,-1.0557e-16,6.5052e-167,0,0.00067115
1153,1.6569e-16,2.1291e-166,0,0.00067156
1154,-5.5631e-17,3.5344e-166,0,0.00067149
1155,9.3095e-19,9.1983e-169,0,0.00067075
1156,-0,0,0,0.00067071
1157,-0,0,0,0.00067071
1158,-0,0,0,0.00067071
1159,-1.295e-18,0,0,0.00067073
1160,-0,0,0,0.00067071
1161,4.0793e-17,2.551e-166,0,0.00067118
1162,2.9552e-17,2.7305e-166,0,0.00067185
1163,2.09e-16,3.9243e-166,0,0.00067156
1164,-1.5277e-17,3.0317e-167,0,0.00067093
1165,8.32e-17,5.7225e-167,0,0.00067085
1166,7.2014e-17,8.5611e-167,0,0.00067098
1167,6.7825e-17,4.4686e-167,0,0.0006709
1168,1.2885e-17,4.2222e-167,0,0.00067096
1169,-2.934e-19,1.1052e-168,0,0.00067072
1170,-0,0,0,0.00067071
1171,5.951e-19,2.6493e-168,0,0.00067074
1172,1.5675e-16,4.6447e-166,0,0.00067178
1173,-0,0,0,0.00067071
1174,-0,0,0,0.00067071
1175,2.3223e-17,1.5678e-167,0,0.00067074
1176,4.3447e-19,1.1437e-168,0,0.00067078
1177,2.4165e-16,8.8601e-166,0,0.00067306
1178,-0,0,0,0.00067071
1179,3.0819e-18,3.3301e-168,0,0.00067075
1180,5.5199e-19,2.7473e-168,0,0.00067076
1181,-0,0,0,0.00067071
1182,-0,0,0,0.00067071
1183,4.2786e-29,0,0,0.00067136
1184,-0,0,0,0.00067071
1185,1.4516e-16,7.8978e-166,0,0.00067307
1186,-7.779e-17,9.1639e-167,0,0.00067106
1187,8.0442e-17,3.0213e-166,0,0.00067198
1188,7.5194e-18,9.6439e-168,0,0.00067073
1189,4.8308e-18,8.1794e-168,0,0.00067075
1190,-0,0,0,0.00067071
1191,-6.4107e-16,5.5433e-166,0,0.00067312
1192,-3.3872e-16,3.6351e-166,0,0.00067223
1193,2.4264e-19,2.2258e-169,0,0.00067136
1194,-2.0389e-17,3.476e-167,0,0.00067082
1195,-9.5498e-17,1.4589e-166,0,0.00067128
1196,-1.2963e-17,2.9421e-167,0,0.00067072
1197,-0,0,0,0.00067071
1198,-1.0277e-18,5.91e-169,0,0.00067072
1199,6.0837e-17,1.1539e-166,0,0.00067088
1200,2.7582e-16,2.2609e-166,0,0.00067221
1201,2.1095e-17,8.4343e-167,0,0.00067081
1202,-9.5669e-17,1.7549e-166,0,0.00067113
1203,5.3173e-19,3.6143e-169,0,0.00067073
1204,8.4103e-20,1.0715e-169,0,0.00067072
1205,-1.1101e-17,3.3096e-167,0,0.00067074
1206,9.2286e-19,5.7266e-168,0,0.00067082
1207,-4.9393e-17,8.4691e-167,0,0.0006709
1208,4.2908e-19,1.1052e-168,0,0.00067072
1209,1.661e-16,2.2758e-166,0,0.00067145
1210,-1.5175e-16,2.0338e-166,0,0.00067099
1211,-1.5294e-17,1.282e-166,0,0.00067083
1212,2.9723e-17,5.2878e-167,0,0.00067085
1213,-7.6502e-17,5.3738e-167,0,0.00067079
1214,1.8629e-17,2.4071e-166,0,0.00067168
1215,5.3393e-17,7.6627e-166,0,0.00067426
1216,-3.0934e-17,1.8675e-167,0,0.00067086
1217,5.0033e-18,2.2942e-166,0,0.00067103
1218,-1.6419e-17,2.5631e-166,0,0.00067135
1219,2.4336e-18,1.7407e-168,0,0.00067074
1220,4.8157e-18,1.4648e-166,0,0.00067099
1221,-6.5576e-17,3.0725e-166,0,0.00067112
1222,1.7285e-16,3.0139e-166,0,0.00067161
1223,5.3134e-17,1.3916e-166,0,0.00067147
1224,-4.2475e-17,6.4836e-167,0,0.00067073
1225,-1.4263e-17,7.8539e-168,0,0.00067076
1226,-3.6575e-17,8.48e-167,0,0.00067089
1227,-6.9947e-17,3.9081e-166,0,0.00067196
1228,-0,0,0,0.00067071
1229,-2.8783e-17,3.2212e-167,0,0.00067087
1230,-0,0,0,0.00067071
1231,6.9959e-17,7.632e-166,0,0.00067503
1232,-1.0387e-16,1.8726e-166,0,0.00067125
1233,-0,0,0,0.00067071
1234,-2.0865e-17,6.863e-167,0,0.00067114
1235,-0,0,0,0.00067071
1236,-1.8797e-16,3.7819e-166,0,0.00067222
1237,8.9034e-19,1.706e-168,0,0.00067079
1238,4.2638e-17,6.2229e-167,0,0.00067088
1239,2.7528e-17,8.3764e-167,0,0.00067109
1240,7.033e-18,2.5579e-168,0,0.00067072
1241,-0,0,0,0.00067071
1242,-1.2963e-17,2.9421e-167,0,0.00067072
1243,-0,0,0,0.00067071
1244,-4.4495e-17,3.2237e-166,0,0.0006719
1245,2.2178e-17,2.2668e-167,0,0.00067084
1246,3.0893e-16,5.2319e-166,0,0.00067247
1247,5.7681e-22,1.8179e-172,0,0.00067072
1248,-0,0,0,0.00067071
1249,5.5796e-17,2.8123e-167,0,0.00067086
1250,3.9884e-17,1.2718e-166,0,0.00067113
1251,3.6227e-18,7.9724e-167,0,0.00067075
1252,4.5934e-16,4.7589e-166,0,0.00067159
1253,3.3979e-17,1.4274e-167,0,0.00067084
1254,-1.1527e-16,2.4537e-166,0,0.00067126
1255,2.5264e-16,6.3805e-167,0,0.00067123
1256,6.5868e-17,7.7214e-167,0,0.00067091
1257,6.1555e-17,5.1311e-167,0,0.00067087
1258,-1.7252e-17,4.8476e-167,0,0.00067082
1259,-0,0,0,0.00067103
1260,-0,0,0,0.00067071
1261,1.0611e-19,2.0863e-168,0,0.00067074
1262,-0.2348,0.0054557,0,0.00067137
1263,1.3986e-18,6.5769e-168,0,0.00067073
1264,1.041e-16,1.6768e-166,0,0.00067095
1265,-0,0,0,0.00067071
1266,3.2835e-17,2.0327e-167,0,0.00067085
1267,2.2497e-18,5.3189e-168,0,0.00067082
1268,-3.2027e-18,1.023e-167,0,0.00067077
1269,2.6548e-17,6.63e-167,0,0.00067093
1270,-3.3681e-18,5.1981e-168,0,0.00067077
1271,-3.6274e-17,6.4488e-167,0,0.00067075
1272,-0,0,0,0.00067071
1273,2.527e-17,4.1808e-167,0,0.00067081
1274,-2.5455e-18,1.3972e-166,0,0.00067092
1275,-2.5416e-16,4.1685e-166,0,0.00067233
1276,-0.06795,0.0015398,0,0.00067145
1277,9.1807e-17,2.4575e-166,0,0.00067137
1278,-1.5907e-16,1.134e-166,0,0.00067083
1279,-2.3578e-21,1.8179e-172,0,0.00067072
1280,1.6401e-17,8.0467e-167,0,0.00067093
1281,-0,0,0,0.00067071
1282,-5.7219e-17,1.6236e-166,0,0.00067108
1283,-0,0,0,0.00067071
1284,-0,0,0,0.00067071
1285,-0,0,0,0.00067071
1286,6.1463e-18,4.9041e-167,0,0.00067083
1287,-2.2025e-17,9.3049e-167,0,0.00067083
1288,-3.6238e-17,3.5734e-167,0,0.00067087
1289,4.5717e-19,5.6564e-169,0,0.00067072
1290,-4.0766e-17,1.2015e-166,0,0.00067089
1291,-4.8584e-21,6.256e-171,0,0.00067073
1292,-0,0,0,0.00067071
1293,-7.6532e-20,0,0,0.00067074
1294,-0,0,0,0.00067071
1295,9.429e-17,6.3041e-167,0,0.00067101
1296,7.7865e-17,2.4322e-166,0,0.00067129
1297,-0,0,0,0.00067071
1298,1.738e-17,4.1786e-167,0,0.00067077
1299,-0,0,0,0.00067071
1300,-1.3776e-17,3.428e-167,0,0.00067077
1301,-3.8769e-17,6.4798e-167,0,0.00067076
1302,-3.4064e-20,3.2215e-170,0,0.00067072
1303,1.5048e-19,5.7165e-169,0,0.00067076
1304,-0,0,0,0.00067071
1305,-9.9259e-17,9.1499e-167,0,0.00067078
1306,-1.5194e-17,3.1083e-167,0,0.00067073
1307,-1.6579e-17,3.6544e-167,0,0.00067075
1308,-1.3063e-17,1.6059e-166,0,0.00067136
1309,-1.5847e-16,1.2623e-166,0,0.00067158
1310,-1.3361e-16,2.0059e-166,0,0.00067122
1311,-0,0,0,0.00067071
1312,-0,0,0,0.00067071
1313,1.664e-17,1.0442e-166,0,0.00067116
1314,1.575e-19,3.5887e-169,0,0.00067073
1315,2.5738e-17,1.1558e-167,0,0.00067076
1316,1.6476e-17,2.5733e-167,0,0.00067075
1317,1.025e-17,5.1807e-167,0,0.00067141
1318,-1.3763e-16,1.1304e-166,0,0.00067102
1319,8.4103e-20,1.0715e-169,0,0.00067072
1320,-4.7071e-17,1.738e-166,0,0.00067287
1321,3.8531e-18,6.3362e-166,0,0.00067299
1322,-5.5136e-18,4.7777e-168,0,0.00067074
1323,-4.8528e-17,6.3965e-167,0,0.00067073
1324,-0,0,0,0.00067071
1325,5.3401e-17,1.4311e-166,0,0.00067148
1326,-4.0038e-18,1.719e-167,0,0.00067086
1327,-0,0,0,0.00067071
1328,3.6172e-16,3.2653e-166,0,0.00067177
1329,2.9076e-16,4.7076e-166,0,0.00067188
1330,-0,0,0,0.00067072
1331,-0,0,0,0.00067071
1332,5.5942e-18,5.0753e-168,0,0.00067076
1333,1.1924e-16,1.6819e-166,0,0.00067115
1334,1.3465e-16,1.395e-166,0,0.00067096
1335,7.8892e-18,3.4744e-167,0,0.00067088
1336,-0,0,0,0.00067071
1337,5.3994e-18,1.8772e-168,0,0.00067074
1338,4.9369e-18,7.7348e-167,0,0.00067137
1339,-7.3659e-17,1.9361e-166,0,0.00067102
1340,-2.3578e-21,1.8179e-172,0,0.00067072
1341,5.7681e-22,1.8179e-172,0,0.00067072
1342,6.6882e-18,1.2562e-167,0,0.00067076
1343,-0,0,0,0.00067071
1344,-3.8084e-17,8.0958e-167,0,0.00067076
1345,8.288e-18,4.0026e-167,0,0.00067112
1346,-5.9798e-17,3.4734e-166,0,0.00067133
1347,-0,0,0,0.00067071
1348,6.0475e-17,1.0613e-166,0,0.00067095
1349,-1.2963e-17,2.9421e-167,0,0.00067072
1350,-1.2963e-17,2.9421e-167,0,0.00067073
1351,-1.1594e-16,7.155e-166,0,0.00067183
1352,6.9143e-17,2.0604e-166,0,0.00067115
1353,-0,0,0,0.00067071
1354,1.1089e-18,4.3249e-168,0,0.00067107
1355,4.0339e-19,8.0694e-168,0,0.00067073
1356,-2.9176e-17,3.4309e-167,0,0.00067074
1357,-2.2433e-17,4.0116e-167,0,0.00067083
1358,-0,0,0,0.00067071
1359,-3.5591e-17,1.1665e-166,0,0.00067081
1360,-1.8487e-16,2.3593e-166,0,0.00067286
1361,5.7681e-22,1.8179e-172,0,0.00067073
1362,1.6272e-16,1.263e-166,0,0.00067128
1363,-0,0,0,0.00067071
1364,-2.5009e-16,8.1091e-166,0,0.00067274
1365,4.6961e-19,1.5441e-168,0,0.00067073
1366,-3.6314e-17,1.5764e-166,0,0.00067105
1367,-6.4143e-18,3.9065e-167,0,0.00067074
1368,-4.1204e-18,3.0367e-168,0,0.00067137
1369,-3.1719e-17,1.6751e-166,0,0.00067108
1370,-0,0,0,0.00067071
1371,3.6212e-17,5.1968e-167,0,0.00067077
1372,-2.5996e-16,3.0562e-166,0,0.00067105
1373,-1.4019e-16,7.2977e-167,0,0.00067085
1374,1.3724e-16,1.6436e-166,0,0.00067141
1375,-9.5694e-18,1.0722e-166,0,0.00067205
1376,-0,0,0,0.00067071
1377,-0,0,0,0.00067071
1378,-1.0126e-17,1.7174e-166,0,0.00067149
1379,-1.0586e-19,5.415e-169,0,0.00067074
1380,-0,0,0,0.00067071
1381,2.6447e-17,9.5194e-167,0,0.00067118
1382,1.7715e-18,2.0927e-167,0,0.00067082
1383,7.3973e-17,1.5515e-166,0,0.00067095
1384,1.8455e-16,1.249e-165,0,0.00067544
1385,-1.1996e-18,2.9421e-167,0,0.00067072
1386,-0,0,0,0.00067071
1387,2.2907e-17,1.0487e-166,0,0.00067094
1388,-9.2214e-19,3.0131e-167,0,0.00067074
1389,5.2105e-17,9.6051e-167,0,0.0006709
1390,-7.0595e-17,1.147e-166,0,0.00067102
1391,-0,0,0,0.00067071
1392,2.4322e-16,1.2805e-166,0,0.00067108
1393,3.587e-19,3.1846e-169,0,0.00067072
1394,1.8614e-18,5.2588e-167,0,0.00067089
1395,2.8053e-18,1.4427e-166,0,0.00067084
1396,-1.3569e-16,1.7814e-166,0,0.00067098
1397,5.7681e-22,1.8179e-172,0,0.00067072
1398,2.2906e-17,3.5125e-167,0,0.00067085
1399,4.7712e-17,2.4465e-167,0,0.00067083
1400,-0,0,0,0.00067071
1401,2.7024e-17,8.9898e-167,0,0.00067141
1402,9.4405e-16,1.1295e-165,0,0.00067272
1403,-0.2348,0.0050808,0,0.00067156
1404,-5.4538e-17,1.1417e-166,0,0.00067083
1405,5.7681e-22,1.8179e-172,0,0.00067072
1406,-1.1236e-16,2.1747e-166,0,0.00067106
1407,-3.8595e-16,2.9631e-167,0,0.0006712
1408,-2.2378e-16,5.9112e-166,0,0.00067403
1409,7.7547e-18,4.5055e-167,0,0.00067078
1410,6.1191e-17,1.4785e-166,0,0.00067257
1411,2.2352e-16,5.4063e-166,0,0.00067264
1412,-4.3164e-16,1.5121e-166,0,0.00067116
1413,-8.5056e-18,1.7954e-166,0,0.00067173
1414,1.6221e-16,2.7685e-166,0,0.0006712
1415,-3.0114e-17,2.9421e-167,0,0.00067075
1416,-1.9494e-17,2.9421e-167,0,0.00067072
1417,-0,0,0,0.00067071
1418,4.3402e-17,1.1233e-166,0,0.00067082
1419,6.2714e-17,6.479e-167,0,0.00067099
1420,1.0143e-16,1.5594e-166,0,0.00067107
1421,-4.1457e-16,2.9494e-166,0,0.00067144
1422,1.0638e-16,6.7026e-167,0,0.00067116
1423,4.7466e-18,1.7155e-166,0,0.00067132
1424,-0,0,0,0.00067071
1425,-4.7569e-19,1.9142e-166,0,0.00067186
1426,-2.2517e-16,1.2089e-166,0,0.00067097
1427,1.5977e-16,3.4548e-166,0,0.00067187
1428,-0,0,0,0.00067071
1429,3.2959e-17,5.5843e-167,0,0.00067119
1430,4.3915e-17,5.5612e-167,0,0.0006712
1431,3.2274e-18,6.0959e-167,0,0.00067095
1432,-3.6784e-16,2.8383e-166,0,0.00067188
1433,-1.9068e-17,4.7174e-167,0,0.00067079
1434,-6.3391e-19,2.9528e-167,0,0.00067073
1435,-1.579e-17,8.9869e-167,0,0.00067089
1436,9.8663e-17,1.3968e-166,0,0.00067122
1437,-2.0591e-17,5.7362e-167,0,0.00067087
1438,-1.544e-17,9.5395e-167,0,0.00067092
1439,2.7069e-17,9.3143e-167,0,0.00067111
1440,2.1284e-19,4.4704e-170,0,0.00067073
1441,-7.5883e-17,1.106e-166,0,0.00067088
1442,-0,0,0,0.00067072
1443,-0,0,0,0.00067071
1444,6.3398e-17,1.2402e-166,0,0.00067133
1445,9.1566e-17,6.6058e-167,0,0.00067092
1446,1.1801e-16,4.7016e-167,0,0.00067098
1447,-0,0,0,0.00067071
1448,-0,0,0,0.00067071
1449,-2.0108e-17,6.9531e-167,0,0.00067082
1450,-1.9043e-17,4.2084e-167,0,0.00067078
1451,1.7349e-17,1.0022e-166,0,0.00067094
1452,-0,0,0,0.00067071
1453,-0,0,0,0.00067071
1454,-0,0,0,0.00067071
1455,-1.8757e-19,2.7117e-169,0,0.00067072
1456,1.0353e-16,1.5674e-166,0,0.00067167
1457,-1.5133e-16,1.2473e-166,0,0.000671
1458,1.1098e-17,2.3871e-167,0,0.00067077
1459,2.8675e-16,3.4908e-166,0,0.00067154
1460,-1.2399e-17,5.324e-167,0,0.00067077
1461,1.0815e-16,1.6268e-166,0,0.00067172
1462,-0,0,0,0.00067071
1463,-3.4867e-17,5.7433e-167,0,0.00067117
1464,-0,0,0,0.00067071
1465,-0,0,0,0.00067071
1466,-0,0,0,0.00067071
1467,-0,0,0,0.00067071
1468,-0,0,0,0.00067072
1469,-1.3299e-17,2.9913e-167,0,0.00067073
1470,-0,0,0,0.00067071
1471,1.467e-17,1.1067e-166,0,0.00067088
1472,-5.8005e-17,1.1419e-166,0,0.00067079
1473,-1.6097e-16,7.3643e-167,0,0.00067118
1474,-0,0,0,0.00067071
1475,4.5351e-16,2.5145e-166,0,0.0006713
1476,-3.2817e-17,4.8063e-167,0,0.00067081
1477,1.1595e-17,6.5826e-167,0,0.00067157
1478,5.6347e-17,7.6639e-167,0,0.0006711
1479,-1.3949e-16,7.4916e-166,0,0.00067498
1480,-0,0,0,0.00067071
1481,-2.7439e-20,4.6124e-170,0,0.00067072
1482,-2.5455e-17,5.19e-166,0,0.00067229
1483,-0,0,0,0.00067071
1484,-5.5008e-19,5.5742e-169,0,0.00067072
1485,-1.4861e-17,2.9482e-167,0,0.00067073
1486,-1.2963e-17,2.9421e-167,0,0.00067072
1487,-2.2809e-16,4.8506e-166,0,0.00067162
1488,-3.5333e-18,1.0287e-167,0,0.00067076
1489,-4.8002e-17,1.3872e-166,0,0.00067079
1490,-2.9431e-22,5.5507e-174,0,0.00067073
