1,3,0.00067091,0.00067136
2,4,0.00067224,0.00067269
3,-1,0.00067071,0.00067116
4,-1,0.00067071,0.00067116
5,4,0.00067137,0.00067182
6,-1,0.00067075,0.0006712
7,3,0.00067071,0.00067116
8,3,0.00067201,0.00067246
9,-1,0.00067077,0.00067122
10,3,0.00067085,0.00067131
11,-1,0.00067072,0.00067117
12,6,0.00067077,0.00067122
13,1,0.00067113,0.00067158
14,2,0.00067128,0.00067174
15,3,0.00067259,0.00067305
16,2,0.00067095,0.00067141
17,6,0.00067072,0.00067117
18,2,0.00067114,0.00067159
19,3,0.00067105,0.0006715
20,-1,0.00067082,0.00067127
21,2,0.0006724,0.00067285
22,2,0.00067159,0.00067205
23,2,0.00067163,0.00067209
24,2,0.00067143,0.00067188
25,-1,0.00067071,0.00067116
26,-1,0.00067072,0.00067117
27,2,0.00067083,0.00067129
28,4,0.00067104,0.0006715
29,3,0.00067288,0.00067333
30,6,0.00067071,0.00067116
31,2,0.00067148,0.00067194
32,4,0.00067076,0.00067121
33,3,0.00067081,0.00067126
34,3,0.00067113,0.00067158
35,2,0.00067078,0.00067123
36,4,0.00067076,0.00067121
37,3,0.00067071,0.00067116
38,3,0.00067076,0.00067121
39,2,0.00067071,0.00067116
40,3,0.00067396,0.00067442
41,3,0.00067111,0.00067157
42,4,0.00067077,0.00067122
43,-1,0.00067094,0.00067139
44,3,0.00067071,0.00067116
45,3,0.00067139,0.00067184
46,3,0.00067202,0.00067247
47,3,0.00067072,0.00067117
48,-1,0.00067071,0.00067116
49,-1,0.00067071,0.00067116
50,-1,0.00067071,0.00067116
51,4,0.00067071,0.00067116
52,5,0.00067071,0.00067116
53,3,0.00067074,0.00067119
54,-1,0.00067071,0.00067116
55,1,0.00067207,0.00067253
56,-1,0.00067208,0.00067253
57,-1,0.00067071,0.00067116
58,-1,0.00067097,0.00067143
59,3,0.00067071,0.00067116
60,-1,0.00067071,0.00067116
61,-1,0.00067071,0.00067116
62,3,0.00067071,0.00067116
63,-1,0.00067071,0.00067116
64,3,0.00067074,0.00067119
65,2,0.00067074,0.00067119
66,-1,0.00067105,0.0006715
67,5,0.00067071,0.00067116
68,-1,0.00067125,0.0006717
69,-1,0.00067072,0.00067118
70,-1,0.00067106,0.00067151
71,-1,0.00067071,0.00067116
72,1,0.00067263,0.00067308
73,3,0.00067101,0.00067146
74,-1,0.00067071,0.00067116
75,2,0.00067309,0.00067354
76,4,0.00067136,0.00067182
77,-1,0.00067072,0.00067117
78,2,0.00067071,0.00067116
79,4,0.000671,0.00067145
80,-1,0.00067077,0.00067123
81,-1,0.00067107,0.00067152
82,4,0.00067253,0.00067298
83,4,0.00067071,0.00067116
84,-1,0.00067075,0.0006712
85,2,0.00067173,0.00067218
86,3,0.00067071,0.00067116
87,4,0.00067108,0.00067153
88,3,0.00067071,0.00067116
89,2,0.00067101,0.00067146
90,2,0.00067136,0.00067181
91,-1,0.00067071,0.00067116
92,4,0.00067075,0.0006712
93,-1,0.00067074,0.00067119
94,-1,0.00067071,0.00067116
95,3,0.00067086,0.00067131
96,3,0.00067071,0.00067116
97,3,0.00067072,0.00067117
98,6,0.00067077,0.00067122
99,1,0.0006725,0.00067295
100,3,0.00067148,0.00067193
101,3,0.00067291,0.00067336
102,2,0.00067081,0.00067126
103,-1,0.00067109,0.00067154
104,5,0.00067071,0.00067116
105,4,0.00067071,0.00067116
106,4,0.00067071,0.00067116
107,3,0.00067071,0.00067116
108,-1,0.00067071,0.00067116
109,3,0.00067148,0.00067193
110,4,0.00067085,0.0006713
111,-1,0.00067071,0.00067116
112,-1,0.00067071,0.00067116
113,3,0.00067085,0.0006713
114,2,0.00067076,0.00067121
115,3,0.00067158,0.00067203
116,-1,0.00067073,0.00067118
117,-1,0.00067178,0.00067224
118,2,0.00067251,0.00067296
119,2,0.00067109,0.00067154
120,-1,0.00067071,0.00067116
121,-1,0.00067156,0.00067202
122,-1,0.00067071,0.00067116
123,5,0.00067077,0.00067122
124,4,0.00067254,0.00067299
125,-1,0.00067075,0.0006712
126,-1,0.00067071,0.00067116
127,2,0.00067071,0.00067116
128,6,0.00067072,0.00067117
129,-1,0.00067074,0.00067119
130,3,0.00067074,0.00067119
131,-1,0.00067071,0.00067116
132,-1,0.00067121,0.00067167
133,3,0.00067071,0.00067116
134,-1,0.00067071,0.00067116
135,-1,0.00067071,0.00067116
136,3,0.00067091,0.00067136
137,3,0.00067115,0.0006716
138,-1,0.00067148,0.00067193
139,-1,0.00067071,0.00067116
140,3,0.00067125,0.00067171
141,4,0.00067073,0.00067118
142,3,0.00067082,0.00067127
143,3,0.00067073,0.00067118
144,2,0.00067545,0.00067591
145,1,0.00067071,0.00067116
146,-1,0.00067071,0.00067116
147,-1,0.00067085,0.0006713
148,-1,0.00067071,0.00067116
149,-1,0.0006708,0.00067125
150,2,0.00067244,0.00067289
151,3,0.00067094,0.00067139
152,-1,0.00067105,0.0006715
153,-1,0.00067071,0.00067116
154,2,0.00067071,0.00067116
155,2,0.00067126,0.00067171
156,2,0.00067095,0.0006714
157,4,0.00067081,0.00067126
158,-1,0.00067104,0.00067149
159,2,0.00067072,0.00067117
160,5,0.00067194,0.00067239
161,-1,0.00067071,0.00067116
162,2,0.00067126,0.00067171
163,-1,0.00067077,0.00067122
164,-1,0.00067071,0.00067116
165,3,0.00067136,0.00067181
166,-1,0.00067072,0.00067117
167,2,0.00067253,0.00067298
168,3,0.00067235,0.00067281
169,-1,0.00067071,0.00067116
170,2,0.00067076,0.00067121
171,6,0.00067071,0.00067116
172,2,0.00067108,0.00067154
173,-1,0.00067103,0.00067149
174,-1,0.00067071,0.00067116
175,-1,0.00067072,0.00067117
176,-1,0.00067071,0.00067116
177,-1,0.00067266,0.00067311
178,4,0.00067087,0.00067132
179,3,0.00067123,0.00067168
180,1,0.00067171,0.00067217
181,3,0.00067193,0.00067238
182,-1,0.00067136,0.00067181
183,-1,0.00067071,0.00067116
184,-1,0.00067072,0.00067117
185,3,0.00067099,0.00067144
186,3,0.00067071,0.00067116
187,2,0.00067108,0.00067153
188,3,0.00067081,0.00067126
189,2,0.00067191,0.00067236
190,3,0.0006709,0.00067135
191,2,0.00067416,0.00067462
192,3,0.00067073,0.00067118
193,3,0.0006714,0.00067185
194,3,0.00067072,0.00067117
195,-1,0.00067071,0.00067116
196,-1,0.00067071,0.00067116
197,-1,0.00067071,0.00067116
198,-1,0.00067072,0.00067117
199,-1,0.00067071,0.00067116
200,3,0.00067071,0.00067116
201,-1,0.00067072,0.00067117
202,2,0.00067246,0.00067291
203,3,0.00067072,0.00067117
204,3,0.00067114,0.00067159
205,2,0.00067115,0.0006716
206,-1,0.00067071,0.00067116
207,-1,0.00067076,0.00067122
208,-1,0.00067103,0.00067149
209,3,0.00067108,0.00067153
210,2,0.00067126,0.00067171
211,-1,0.00067105,0.0006715
212,-1,0.00067076,0.00067121
213,3,0.00067071,0.00067116
214,-1,0.00067071,0.00067116
215,3,0.00067071,0.00067116
216,-1,0.00067072,0.00067117
217,-1,0.00067237,0.00067282
218,2,0.00067141,0.00067186
219,-1,0.00067179,0.00067225
220,3,0.00067092,0.00067137
221,-1,0.00067071,0.00067116
222,-1,0.00067137,0.00067182
223,3,0.00067115,0.0006716
224,3,0.00067297,0.00067343
225,-1,0.00067072,0.00067117
226,-1,0.00067071,0.00067116
227,3,0.0006709,0.00067135
228,-1,0.00067071,0.00067116
229,2,0.0006719,0.00067236
230,-1,0.00067072,0.00067117
231,-1,0.00067071,0.00067116
232,-1,0.00067071,0.00067116
233,2,0.00067071,0.00067116
234,-1,0.00067071,0.00067116
235,-1,0.00067072,0.00067117
236,-1,0.00067071,0.00067116
237,-1,0.00067071,0.00067116
238,3,0.00067315,0.0006736
239,-1,0.00067072,0.00067117
240,-1,0.00067071,0.00067116
241,3,0.00067259,0.00067304
242,-1,0.00067071,0.00067116
243,4,0.00067099,0.00067144
244,-1,0.00067104,0.00067149
245,3,0.000671,0.00067145
246,4,0.00067071,0.00067116
247,-1,0.00067071,0.00067116
248,3,0.00067071,0.00067116
249,2,0.00067121,0.00067166
250,-1,0.00067078,0.00067123
251,-1,0.00067071,0.00067116
252,3,0.00067071,0.00067116
253,3,0.00067082,0.00067127
254,-1,0.00067071,0.00067116
255,-1,0.00067075,0.0006712
256,3,0.00067138,0.00067183
257,-1,0.00067146,0.00067191
258,-1,0.00067071,0.00067116
259,3,0.00067258,0.00067304
260,-1,0.00067071,0.00067116
261,-1,0.00067071,0.00067116
262,-1,0.00067082,0.00067128
263,-1,0.00067071,0.00067116
264,3,0.00067259,0.00067305
265,-1,0.00067071,0.00067116
266,-1,0.00067071,0.00067116
267,4,0.00067083,0.00067128
268,2,0.00067118,0.00067163
269,-1,0.00067136,0.00067181
270,-1,0.00067071,0.00067116
271,-1,0.00067071,0.00067116
272,4,0.00067071,0.00067116
273,4,0.00067118,0.00067163
274,-1,0.00067075,0.0006712
275,3,0.00067073,0.00067118
276,2,0.00067071,0.00067116
277,-1,0.00067081,0.00067126
278,3,0.00067382,0.00067428
279,4,0.00067072,0.00067117
280,3,0.00067086,0.00067131
281,3,0.0006708,0.00067125
282,3,0.00067089,0.00067134
283,3,0.00067169,0.00067215
284,-1,0.00067072,0.00067117
285,-1,0.00067071,0.00067116
286,-1,0.00067071,0.00067116
287,-1,0.00067074,0.00067119
288,2,0.0006722,0.00067265
289,3,0.00067163,0.00067209
290,-1,0.00067075,0.0006712
291,3,0.00067071,0.00067116
292,3,0.00067071,0.00067116
293,-1,0.0006714,0.00067185
294,-1,0.00067071,0.00067116
295,3,0.00067088,0.00067133
296,-1,0.00067119,0.00067164
297,1,0.00067078,0.00067123
298,4,0.00067121,0.00067167
299,3,0.00067137,0.00067183
300,4,0.00067076,0.00067121
301,2,0.00067073,0.00067118
302,-1,0.00067071,0.00067116
303,-1,0.00067109,0.00067154
304,-1,0.00067071,0.00067116
305,-1,0.00067079,0.00067125
306,-1,0.00067071,0.00067116
307,3,0.00067078,0.00067123
308,-1,0.00067072,0.00067117
309,-1,0.00067072,0.00067117
310,3,0.00067075,0.0006712
311,3,0.00067073,0.00067118
312,2,0.00067075,0.0006712
313,4,0.00067095,0.00067141
314,4,0.00067071,0.00067116
315,-1,0.00067082,0.00067127
316,2,0.00067106,0.00067151
317,3,0.00067137,0.00067183
318,3,0.00067071,0.00067116
319,-1,0.00067071,0.00067116
320,-1,0.00067071,0.00067116
321,4,0.00067116,0.00067162
322,-1,0.00067071,0.00067116
323,2,0.00067079,0.00067124
324,-1,0.00067071,0.00067116
325,-1,0.00067074,0.00067119
326,3,0.0006714,0.00067185
327,-1,0.00067072,0.00067117
328,-1,0.00067077,0.00067123
329,4,0.00067072,0.00067117
330,-1,0.00067071,0.00067116
331,3,0.00067073,0.00067118
332,3,0.00067172,0.00067217
333,4,0.00067134,0.00067179
334,-1,0.00067071,0.00067116
335,3,0.00067076,0.00067121
336,-1,0.00067071,0.00067116
337,3,0.00067085,0.0006713
338,-1,0.00067074,0.00067119
339,-1,0.00067071,0.00067116
340,-1,0.00067083,0.00067128
341,3,0.00067077,0.00067122
342,-1,0.00067071,0.00067116
343,-1,0.00067071,0.00067116
344,-1,0.00067076,0.00067121
345,3,0.0006711,0.00067156
346,-1,0.00067071,0.00067116
347,2,0.00067117,0.00067162
348,-1,0.00067071,0.00067116
349,3,0.00067074,0.00067119
350,3,0.00067161,0.00067206
351,2,0.00067087,0.00067132
352,-1,0.00067074,0.00067119
353,3,0.00067075,0.0006712
354,3,0.00067071,0.00067116
355,-1,0.00067073,0.00067119
356,-1,0.00067073,0.00067118
357,-1,0.00067204,0.00067249
358,3,0.00067072,0.00067117
359,-1,0.00067071,0.00067116
360,4,0.00067071,0.00067116
361,3,0.00067124,0.0006717
362,-1,0.00067072,0.00067117
363,2,0.00067552,0.00067598
364,-1,0.00067072,0.00067117
365,-1,0.00067074,0.0006712
366,-1,0.00067071,0.00067116
367,3,0.00067071,0.00067116
368,-1,0.0006711,0.00067155
369,-1,0.00067071,0.00067116
370,3,0.00067073,0.00067118
371,2,0.00067078,0.00067123
372,-1,0.00067071,0.00067116
373,-1,0.00067074,0.00067119
374,2,0.0006708,0.00067126
375,-1,0.00067071,0.00067116
376,-1,0.00067071,0.00067116
377,3,0.00067346,0.00067391
378,-1,0.00067084,0.00067129
379,3,0.00067075,0.0006712
380,5,0.00067093,0.00067138
381,4,0.00067077,0.00067122
382,-1,0.00067072,0.00067117
383,-1,0.00067083,0.00067128
384,-1,0.00067077,0.00067122
385,-1,0.00067141,0.00067186
386,-1,0.00067071,0.00067116
387,2,0.00067548,0.00067594
388,-1,0.00067073,0.00067118
389,2,0.00067118,0.00067164
390,-1,0.00067092,0.00067137
391,2,0.00067077,0.00067122
392,-1,0.00067071,0.00067116
393,3,0.0006717,0.00067216
394,2,0.00067115,0.0006716
395,-1,0.00067071,0.00067116
396,2,0.00067086,0.00067131
397,-1,0.00067071,0.00067116
398,-1,0.00067071,0.00067116
399,2,0.00067179,0.00067225
400,-1,0.00067136,0.00067181
401,3,0.00067074,0.00067119
402,2,0.00067196,0.00067241
403,-1,0.00067072,0.00067117
404,4,0.00067071,0.00067116
405,2,0.00067076,0.00067122
406,3,0.00067082,0.00067127
407,6,0.00067071,0.00067116
408,6,0.00067071,0.00067116
409,4,0.00067087,0.00067132
410,3,0.00067223,0.00067269
411,4,0.00067071,0.00067116
412,-1,0.00067071,0.00067116
413,-1,0.00067071,0.00067116
414,-1,0.00067078,0.00067123
415,4,0.00067112,0.00067157
416,-1,0.0006708,0.00067125
417,2,0.00067186,0.00067231
418,-1,0.00067245,0.00067291
419,-1,0.00067073,0.00067119
420,4,0.00067094,0.00067139
421,-1,0.00067075,0.00067121
422,4,0.00067091,0.00067136
423,-1,0.00067071,0.00067116
424,4,0.00067082,0.00067127
425,-1,0.00067071,0.00067116
426,4,0.00067086,0.00067131
427,4,0.00067149,0.00067195
428,-1,0.00067078,0.00067123
429,3,0.00067071,0.00067116
430,-1,0.00067071,0.00067116
431,2,0.00067103,0.00067148
432,2,0.0006708,0.00067125
433,-1,0.00067071,0.00067116
434,2,0.00067148,0.00067193
435,-1,0.00067071,0.00067116
436,2,0.00067122,0.00067167
437,-1,0.00067072,0.00067117
438,3,0.00067084,0.00067129
439,3,0.00067086,0.00067131
440,2,0.00067138,0.00067183
441,1,0.00067085,0.0006713
442,2,0.00067071,0.00067116
443,3,0.00067071,0.00067116
444,3,0.00067086,0.00067131
445,-1,0.00067072,0.00067117
446,2,0.00067073,0.00067118
447,-1,0.00067071,0.00067116
448,-1,0.00067159,0.00067204
449,3,0.00067124,0.00067169
450,4,0.00067074,0.00067119
451,4,0.00067079,0.00067124
452,4,0.00067073,0.00067118
453,2,0.00067079,0.00067124
454,2,0.00068859,0.00068906
455,-1,0.00067071,0.00067116
456,-1,0.00067071,0.00067116
457,-1,0.00067071,0.00067116
458,-1,0.00067071,0.00067116
459,-1,0.00067071,0.00067116
460,2,0.0006716,0.00067205
461,2,0.00067091,0.00067136
462,3,0.00067071,0.00067116
463,-1,0.00067071,0.00067116
464,-1,0.00067071,0.00067116
465,2,0.00067092,0.00067137
466,3,0.00067074,0.00067119
467,2,0.00067139,0.00067184
468,2,0.00067195,0.0006724
469,3,0.00067199,0.00067244
470,-1,0.00067073,0.00067118
471,-1,0.00067071,0.00067116
472,2,0.00067099,0.00067145
473,-1,0.00067071,0.00067116
474,-1,0.00067072,0.00067117
475,3,0.00067088,0.00067133
476,-1,0.00067071,0.00067116
477,2,0.00067254,0.000673
478,-1,0.00067071,0.00067116
479,3,0.00067108,0.00067153
480,2,0.00067167,0.00067213
481,3,0.00067187,0.00067232
482,-1,0.00067071,0.00067116
483,1,0.00067078,0.00067123
484,3,0.00067152,0.00067197
485,-1,0.00067071,0.00067116
486,-1,0.00067071,0.00067116
487,-1,0.00067072,0.00067117
488,3,0.00067071,0.00067116
489,2,0.00067131,0.00067176
490,1,0.00067085,0.0006713
491,4,0.00067072,0.00067117
492,2,0.00067265,0.0006731
493,1,0.00067128,0.00067174
494,3,0.00067072,0.00067117
495,2,0.00067118,0.00067163
496,-1,0.00067108,0.00067153
497,3,0.00067071,0.00067116
498,3,0.00067114,0.00067159
499,-1,0.00067079,0.00067124
500,3,0.00067072,0.00067117
501,3,0.00067264,0.00067309
502,-1,0.00067073,0.00067118
503,3,0.00067095,0.0006714
504,-1,0.0006708,0.00067125
505,3,0.00067075,0.0006712
506,-1,0.00067072,0.00067117
507,3,0.00067108,0.00067153
508,2,0.00067592,0.00067638
509,-1,0.00067072,0.00067117
510,-1,0.00067071,0.00067116
511,-1,0.00067155,0.000672
512,2,0.00067523,0.00067569
513,3,0.00067071,0.00067116
514,2,0.00067071,0.00067116
515,3,0.0006714,0.00067185
516,-1,0.00067072,0.00067118
517,2,0.00067077,0.00067122
518,-1,0.00067076,0.00067121
519,2,0.00067155,0.00067201
520,-1,0.00067071,0.00067116
521,4,0.00067076,0.00067121
522,-1,0.00067071,0.00067116
523,-1,0.00067071,0.00067116
524,3,0.00067449,0.00067494
525,-1,0.00067079,0.00067125
526,-1,0.00067071,0.00067116
527,3,0.00067073,0.00067119
528,-1,0.00067071,0.00067116
529,-1,0.00067071,0.00067116
530,3,0.00067071,0.00067116
531,-1,0.00067071,0.00067116
532,3,0.00067082,0.00067127
533,-1,0.00067071,0.00067116
534,4,0.00067072,0.00067117
535,2,0.00067107,0.00067152
536,2,0.00067137,0.00067183
537,-1,0.00067072,0.00067117
538,3,0.00067074,0.0006712
539,2,0.00067108,0.00067153
540,-1,0.00067106,0.00067151
541,3,0.00067075,0.0006712
542,3,0.00067071,0.00067116
543,-1,0.00067074,0.00067119
544,2,0.00067073,0.00067118
545,-1,0.00067071,0.00067116
546,-1,0.00067071,0.00067116
547,2,0.00067204,0.0006725
548,3,0.00067071,0.00067116
549,3,0.00067073,0.00067118
550,3,0.00067077,0.00067122
551,2,0.00067072,0.00067117
552,-1,0.00067071,0.00067116
553,4,0.00067085,0.0006713
554,4,0.00067078,0.00067123
555,-1,0.00067094,0.00067139
556,2,0.00067116,0.00067161
557,-1,0.00067071,0.00067116
558,-1,0.00067071,0.00067116
559,3,0.00067179,0.00067225
560,3,0.00067114,0.0006716
561,2,0.00067244,0.00067289
562,3,0.00067082,0.00067127
563,2,0.00067104,0.0006715
564,2,0.00067077,0.00067122
565,-1,0.00067071,0.00067116
566,2,0.00067118,0.00067163
567,3,0.00067135,0.0006718
568,3,0.00068046,0.00068093
569,-1,0.00067071,0.00067116
570,2,0.00067178,0.00067224
571,-1,0.00067071,0.00067116
572,3,0.00067094,0.0006714
573,3,0.00067121,0.00067166
574,2,0.00067376,0.00067421
575,2,0.00067087,0.00067132
576,-1,0.00067071,0.00067116
577,2,0.00067082,0.00067127
578,3,0.00067072,0.00067118
579,2,0.00067099,0.00067144
580,-1,0.00067137,0.00067182
581,-1,0.00067071,0.00067116
582,-1,0.00067071,0.00067116
583,-1,0.00067146,0.00067191
584,5,0.00067104,0.00067149
585,2,0.00067335,0.0006738
586,-1,0.00067071,0.00067116
587,3,0.00067117,0.00067163
588,2,0.00067072,0.00067117
589,3,0.00067116,0.00067161
590,3,0.00067079,0.00067124
591,2,0.00067078,0.00067123
592,-1,0.00067071,0.00067116
593,-1,0.00067071,0.00067116
594,-1,0.00067071,0.00067116
595,3,0.00067071,0.00067116
596,3,0.00067127,0.00067172
597,4,0.00067077,0.00067122
598,4,0.00067087,0.00067132
599,-1,0.00067071,0.00067116
600,3,0.00067164,0.00067209
601,-1,0.00067075,0.0006712
602,3,0.00067095,0.0006714
603,3,0.00067072,0.00067117
604,2,0.00067373,0.00067419
605,3,0.0006709,0.00067135
606,-1,0.00067071,0.00067116
607,-1,0.00067071,0.00067116
608,-1,0.00067071,0.00067116
609,2,0.00067071,0.00067116
610,3,0.00067088,0.00067133
611,-1,0.00067071,0.00067116
612,3,0.00067279,0.00067324
613,-1,0.00067085,0.0006713
614,-1,0.00067105,0.0006715
615,2,0.00067322,0.00067367
616,-1,0.00067072,0.00067118
617,-1,0.00067085,0.0006713
618,3,0.00067215,0.0006726
619,3,0.00067083,0.00067128
620,3,0.00067126,0.00067171
621,2,0.00067071,0.00067116
622,4,0.00067141,0.00067186
623,2,0.00067084,0.00067129
624,-1,0.00067072,0.00067117
625,3,0.00067105,0.0006715
626,-1,0.00067094,0.00067139
627,-1,0.00067071,0.00067116
628,-1,0.00067072,0.00067118
629,-1,0.00067071,0.00067116
630,-1,0.00067071,0.00067116
631,3,0.00067107,0.00067152
632,3,0.00067071,0.00067116
633,-1,0.00067071,0.00067116
634,2,0.00067097,0.00067142
635,-1,0.00067075,0.0006712
636,-1,0.00067071,0.00067116
637,2,0.00067097,0.00067142
638,-1,0.00067071,0.00067116
639,-1,0.00067071,0.00067116
640,2,0.00067084,0.00067129
641,2,0.00067105,0.0006715
642,1,0.00067087,0.00067132
643,-1,0.00067073,0.00067118
644,2,0.00067195,0.0006724
645,3,0.00067096,0.00067141
646,-1,0.00067073,0.00067118
647,2,0.00067178,0.00067223
648,3,0.00067089,0.00067134
649,2,0.00067091,0.00067136
650,2,0.00067085,0.0006713
651,4,0.00067071,0.00067116
652,-1,0.00067083,0.00067128
653,3,0.00067072,0.00067117
654,-1,0.00067071,0.00067116
655,4,0.00067071,0.00067116
656,-1,0.00067071,0.00067116
657,-1,0.00067089,0.00067134
658,-1,0.00067071,0.00067116
659,5,0.00067772,0.00067818
660,3,0.0006711,0.00067155
661,4,0.00067113,0.00067158
662,3,0.00067078,0.00067123
663,-1,0.00067071,0.00067116
664,2,0.00067133,0.00067178
665,-1,0.00067071,0.00067116
666,-1,0.00067071,0.00067116
667,4,0.00067081,0.00067126
668,-1,0.00067085,0.0006713
669,2,0.00067124,0.00067169
670,-1,0.00067074,0.00067119
671,3,0.00067106,0.00067151
672,-1,0.00067071,0.00067116
673,-1,0.00067071,0.00067116
674,4,0.00067078,0.00067123
675,2,0.00067151,0.00067196
676,2,0.00067133,0.00067178
677,2,0.00067073,0.00067118
678,-1,0.00067071,0.00067116
679,2,0.00067075,0.0006712
680,3,0.00067072,0.00067117
681,4,0.00067152,0.00067197
682,5,0.00067071,0.00067116
683,-1,0.00067079,0.00067124
684,3,0.00067074,0.00067119
685,-1,0.00067103,0.00067148
686,3,0.00067071,0.00067116
687,2,0.00067074,0.00067119
688,3,0.00067143,0.00067188
689,-1,0.00067136,0.00067181
690,-1,0.00067071,0.00067116
691,-1,0.00067082,0.00067127
692,-1,0.00067071,0.00067116
693,2,0.00067075,0.00067121
694,4,0.00067096,0.00067141
695,-1,0.00067071,0.00067116
696,-1,0.00067073,0.00067118
697,-1,0.00067071,0.00067116
698,-1,0.00067071,0.00067116
699,3,0.00067223,0.00067269
700,3,0.00067071,0.00067116
701,-1,0.00067072,0.00067117
702,3,0.00067128,0.00067173
703,2,0.00067101,0.00067146
704,-1,0.00067072,0.00067117
705,-1,0.00067074,0.00067119
706,-1,0.00067071,0.00067116
707,-1,0.00067071,0.00067116
708,3,0.00067081,0.00067126
709,-1,0.00067074,0.00067119
710,-1,0.00067071,0.00067116
711,-1,0.0006709,0.00067136
712,2,0.00067076,0.00067122
713,3,0.00067078,0.00067123
714,2,0.00067079,0.00067124
715,-1,0.00067073,0.00067118
716,-1,0.00067072,0.00067118
717,4,0.00067071,0.00067116
718,4,0.00067071,0.00067116
719,-1,0.00067071,0.00067116
720,5,0.00067072,0.00067117
721,3,0.00067139,0.00067184
722,-1,0.00067076,0.00067122
723,-1,0.00067071,0.00067116
724,-1,0.00067071,0.00067116
725,3,0.00067091,0.00067136
726,2,0.00067114,0.00067159
727,2,0.00067096,0.00067141
728,-1,0.00067071,0.00067116
729,1,0.00067135,0.0006718
730,3,0.00067133,0.00067178
731,4,0.00067077,0.00067122
732,-1,0.00067104,0.00067149
733,-1,0.00067071,0.00067116
734,-1,0.00067071,0.00067116
735,4,0.00067092,0.00067137
736,3,0.00067115,0.0006716
737,3,0.00067283,0.00067328
738,6,0.00067071,0.00067116
739,-1,0.00067108,0.00067153
740,-1,0.00067076,0.00067121
741,2,0.00067086,0.00067131
742,-1,0.00067071,0.00067116
743,2,0.000671,0.00067145
744,2,0.00067072,0.00067118
745,3,0.00067073,0.00067118
746,-1,0.00067071,0.00067116
747,3,0.00067114,0.00067159
748,-1,0.00067071,0.00067116
749,-1,0.0006708,0.00067125
750,-1,0.00067071,0.00067116
751,-1,0.00067071,0.00067116
752,-1,0.00067071,0.00067116
753,-1,0.00067071,0.00067116
754,2,0.00067182,0.00067227
755,3,0.00067107,0.00067152
756,1,0.00067085,0.0006713
757,-1,0.00067073,0.00067118
758,4,0.00067071,0.00067116
759,-1,0.00067071,0.00067116
760,-1,0.00067106,0.00067151
761,-1,0.00067074,0.00067119
762,2,0.00067346,0.00067392
763,2,0.00067083,0.00067129
764,1,0.00067099,0.00067144
765,2,0.00067218,0.00067263
766,2,0.00067082,0.00067127
767,2,0.00067111,0.00067156
768,2,0.0006715,0.00067195
769,-1,0.00067071,0.00067116
770,-1,0.00067071,0.00067116
771,-1,0.00067073,0.00067118
772,2,0.00067125,0.0006717
773,2,0.00067325,0.00067367
774,-1,0.00067107,0.00067152
775,2,0.00067559,0.00067602
776,2,0.00067072,0.00067117
777,2,0.00067151,0.00067196
778,2,0.00067193,0.00067238
779,1,0.00067071,0.00067116
780,2,0.00067071,0.00067116
781,2,0.00067412,0.00067455
782,2,0.00067142,0.00067187
783,-1,0.00067071,0.00067116
784,2,0.00067076,0.00067122
785,-1,0.00067071,0.00067116
786,2,0.00067083,0.00067128
787,2,0.00067201,0.00067246
788,3,0.00067107,0.00067152
789,-1,0.00067071,0.00067116
790,-1,0.00067073,0.00067118
791,3,0.00067146,0.00067191
792,2,0.00067074,0.00067119
793,2,0.00067498,0.00067543
794,6,0.00067071,0.00067116
795,-1,0.00067071,0.00067116
796,3,0.0006708,0.00067125
797,-1,0.00067075,0.0006712
798,1,0.00067071,0.00067116
799,3,0.00067071,0.00067116
800,3,0.00067071,0.00067116
801,2,0.00067081,0.00067126
802,1,0.00067073,0.00067118
803,2,0.00067078,0.00067123
804,-1,0.00067072,0.00067117
805,3,0.00067112,0.00067157
806,1,0.00067117,0.00067162
807,2,0.00067112,0.00067155
808,3,0.00067109,0.00067154
809,3,0.00067104,0.00067149
810,1,0.00067072,0.00067117
811,-1,0.00067089,0.00067134
812,2,0.00067072,0.00067117
813,2,0.0006717,0.00067215
814,2,0.00067084,0.0006713
815,2,0.00067096,0.00067142
816,2,0.00067146,0.00067192
817,2,0.00067089,0.00067135
818,1,0.00067185,0.0006723
819,3,0.00067071,0.00067116
820,5,0.00067168,0.00067213
821,5,0.00067104,0.00067149
822,2,0.0006709,0.00067135
823,3,0.00067123,0.00067168
824,2,0.00067135,0.0006718
825,2,0.00067071,0.00067116
826,2,0.0006711,0.00067155
827,-1,0.00067073,0.00067119
828,2,0.00067116,0.00067161
829,2,0.00067087,0.00067133
830,2,0.00067101,0.00067146
831,2,0.00067088,0.00067133
832,-1,0.00067071,0.00067116
833,3,0.00067072,0.00067117
834,3,0.00067071,0.00067116
835,1,0.00067213,0.00067258
836,-1,0.00067096,0.00067141
837,2,0.0006711,0.00067155
838,1,0.00067101,0.00067146
839,2,0.00067119,0.00067164
840,3,0.00067075,0.0006712
841,2,0.00067073,0.00067118
842,2,0.00067141,0.00067186
843,2,0.00067199,0.00067244
844,-1,0.00067071,0.00067116
845,-1,0.00067071,0.00067116
846,-1,0.00067072,0.00067117
847,2,0.0006708,0.00067125
848,2,0.00067071,0.00067116
849,2,0.00067071,0.00067116
850,-1,0.00067074,0.0006712
851,2,0.00067506,0.00067552
852,3,0.00067136,0.00067181
853,-1,0.00067071,0.00067116
854,2,0.00067072,0.00067117
855,1,0.00072136,0.00072186
856,2,0.00067403,0.00067446
857,3,0.00067097,0.00067142
858,2,0.00067077,0.00067122
859,3,0.00067075,0.00067121
860,2,0.0006713,0.00067175
861,4,0.00067085,0.0006713
862,2,0.00067078,0.00067123
863,4,0.00067087,0.00067133
864,3,0.00067086,0.00067131
865,3,0.00067132,0.00067178
866,-1,0.00067071,0.00067116
867,-1,0.00067071,0.00067116
868,3,0.00067071,0.00067116
869,2,0.00067071,0.00067116
870,3,0.00067076,0.00067121
871,2,0.00067071,0.00067116
872,1,0.00067071,0.00067116
873,2,0.00067082,0.00067128
874,2,0.00067101,0.00067146
875,-1,0.00067139,0.00067184
876,4,0.00067073,0.00067118
877,-1,0.00067071,0.00067116
878,2,0.00067084,0.00067129
879,2,0.00067083,0.00067128
880,2,0.00067659,0.00067702
881,2,0.00067083,0.00067128
882,2,0.0006717,0.00067216
883,2,0.00067075,0.0006712
884,-1,0.00067072,0.00067117
885,2,0.00067081,0.00067126
886,-1,0.00067163,0.00067208
887,3,0.00067081,0.00067127
888,2,0.00067071,0.00067116
889,2,0.00067071,0.00067116
890,-1,0.00067072,0.00067117
891,2,0.00067074,0.00067119
892,2,0.00067421,0.00067467
893,2,0.0006708,0.00067125
894,2,0.00067072,0.00067117
895,2,0.00067115,0.0006716
896,-1,0.00067083,0.00067128
897,3,0.00067083,0.00067128
898,2,0.00067084,0.00067129
899,2,0.00067101,0.00067147
900,2,0.00067352,0.00067398
901,2,0.00067082,0.00067127
902,-1,0.00067071,0.00067116
903,2,0.00067073,0.00067118
904,2,0.000671,0.00067145
905,-1,0.00067071,0.00067116
906,-1,0.00067071,0.00067116
907,2,0.00067183,0.00067228
908,2,0.00067073,0.00067118
909,2,0.00067131,0.00067176
910,3,0.00067071,0.00067116
911,3,0.00067102,0.00067147
912,-1,0.00067072,0.00067117
913,3,0.00067071,0.00067116
914,3,0.00067082,0.00067127
915,2,0.00067076,0.00067121
916,2,0.00067102,0.00067147
917,-1,0.00067071,0.00067116
918,3,0.00067108,0.00067153
919,1,0.00067108,0.00067153
920,-1,0.0006708,0.00067125
921,3,0.00067113,0.00067158
922,2,0.00067174,0.00067219
923,-1,0.00067071,0.00067116
924,-1,0.00067071,0.00067116
925,-1,0.00067075,0.0006712
926,3,0.00067072,0.00067117
927,2,0.00067127,0.00067172
928,-1,0.00067071,0.00067116
929,2,0.00067071,0.00067116
930,3,0.00067108,0.00067154
931,-1,0.00067073,0.00067118
932,1,0.00067082,0.00067128
933,2,0.00067076,0.00067121
934,2,0.0006717,0.00067215
935,2,0.00067343,0.00067388
936,1,0.00067089,0.00067134
937,2,0.00067093,0.00067138
938,2,0.0006708,0.00067125
939,3,0.00067071,0.00067116
940,2,0.00067096,0.00067141
941,1,0.00067083,0.00067128
942,3,0.00067092,0.00067137
943,3,0.00067133,0.00067178
944,1,0.00067091,0.00067136
945,-1,0.00067071,0.00067116
946,2,0.00067159,0.00067204
947,-1,0.00067089,0.00067134
948,-1,0.00067071,0.00067116
949,2,0.00067071,0.00067116
950,2,0.00067105,0.00067151
951,-1,0.00067075,0.0006712
952,2,0.00067078,0.00067123
953,2,0.00067196,0.00067238
954,2,0.00067071,0.00067116
955,3,0.00067083,0.00067128
956,2,0.00067338,0.00067381
957,-1,0.00067071,0.00067116
958,3,0.00067076,0.00067121
959,3,0.0006708,0.00067125
960,3,0.00067085,0.0006713
961,2,0.00067077,0.00067122
962,3,0.00067078,0.00067124
963,1,0.00067077,0.00067122
964,2,0.00067074,0.00067119
965,2,0.00067092,0.00067137
966,2,0.00067159,0.00067205
967,1,0.00067095,0.0006714
968,3,0.0006711,0.00067155
969,-1,0.00067071,0.00067116
970,2,0.00067072,0.00067117
971,2,0.00067076,0.00067121
972,2,0.00067176,0.00067222
973,2,0.00067081,0.00067126
974,2,0.00067132,0.00067177
975,2,0.00067075,0.0006712
976,-1,0.00067071,0.00067116
977,-1,0.0006708,0.00067125
978,3,0.00067071,0.00067116
979,2,0.00067071,0.00067116
980,1,0.00067798,0.00067841
981,2,0.00067289,0.00067331
982,2,0.00067095,0.00067141
983,2,0.00067071,0.00067116
984,-1,0.00067072,0.00067117
985,-1,0.00067071,0.00067116
986,-1,0.00067071,0.00067116
987,2,0.00067071,0.00067116
988,2,0.00067078,0.00067123
989,1,0.00067079,0.00067122
990,2,0.00067071,0.00067116
991,2,0.00067072,0.00067117
992,2,0.00067082,0.00067127
993,2,0.00067124,0.00067169
994,-1,0.00067074,0.0006712
995,2,0.00067105,0.0006715
996,1,0.00067071,0.00067116
997,-1,0.00067071,0.00067116
998,-1,0.000671,0.00067145
999,-1,0.00067071,0.00067116
1000,2,0.00068424,0.00068471
1001,2,0.00067079,0.00067124
1002,-1,0.00067071,0.00067116
1003,3,0.00067166,0.00067211
1004,-1,0.00067097,0.00067142
1005,3,0.00067071,0.00067116
1006,2,0.00067072,0.00067118
1007,1,0.00067109,0.00067155
1008,1,0.00067077,0.00067123
1009,2,0.00067253,0.00067298
1010,2,0.00067175,0.0006722
1011,-1,0.00067071,0.00067116
1012,-1,0.00067071,0.00067116
1013,2,0.00067084,0.00067129
1014,-1,0.00067072,0.00067117
1015,2,0.00067091,0.00067137
1016,-1,0.00067071,0.00067116
1017,2,0.00067071,0.00067116
1018,-1,0.00067072,0.00067117
1019,3,0.00067071,0.00067116
1020,2,0.00067087,0.00067132
1021,2,0.00067079,0.00067124
1022,-1,0.00067071,0.00067116
1023,-1,0.00067073,0.00067118
1024,2,0.00067103,0.00067148
1025,-1,0.00067074,0.00067119
1026,2,0.00067078,0.00067124
1027,-1,0.00067071,0.00067116
1028,2,0.00067103,0.00067148
1029,3,0.00067071,0.00067116
1030,2,0.00067071,0.00067116
1031,2,0.00067122,0.00067167
1032,-1,0.00067071,0.00067116
1033,-1,0.00067071,0.00067116
1034,2,0.00067071,0.00067116
1035,-1,0.00067071,0.00067116
1036,2,0.00067106,0.00067152
1037,2,0.00067448,0.00067493
1038,2,0.00067088,0.00067133
1039,-1,0.00067071,0.00067116
1040,2,0.00067112,0.00067158
1041,2,0.00067276,0.00067321
1042,2,0.00067071,0.00067116
1043,-1,0.00067071,0.00067116
1044,2,0.00067078,0.00067123
1045,1,0.00067106,0.00067151
1046,-1,0.00067071,0.00067116
1047,2,0.00067166,0.00067212
1048,2,0.00067156,0.00067202
1049,1,0.00067091,0.00067136
1050,-1,0.00067071,0.00067116
1051,1,0.00067193,0.00067238
1052,2,0.00067146,0.00067192
1053,1,0.00067145,0.0006719
1054,2,0.00067279,0.00067322
1055,2,0.00067099,0.00067145
1056,-1,0.00067071,0.00067116
1057,-1,0.00067173,0.00067219
1058,-1,0.00067172,0.00067217
1059,-1,0.00067071,0.00067116
1060,3,0.00067076,0.00067121
1061,3,0.00067119,0.00067164
1062,3,0.00067083,0.00067128
1063,1,0.00067117,0.00067162
1064,2,0.00067071,0.00067116
1065,2,0.00067397,0.00067442
1066,-1,0.00067071,0.00067116
1067,2,0.00067071,0.00067116
1068,3,0.00067073,0.00067118
1069,2,0.00067074,0.00067119
1070,2,0.00067072,0.00067117
1071,2,0.00067075,0.0006712
1072,2,0.0006708,0.00067125
1073,-1,0.00067071,0.00067116
1074,-1,0.00067075,0.0006712
1075,2,0.00067071,0.00067116
1076,2,0.00067148,0.00067193
1077,2,0.00067079,0.00067124
1078,-1,0.00067072,0.00067118
1079,-1,0.00067072,0.00067117
1080,2,0.00067074,0.00067119
1081,1,0.00067155,0.000672
1082,3,0.00067158,0.00067204
1083,-1,0.00067087,0.00067133
1084,3,0.00067073,0.00067118
1085,1,0.00067088,0.00067133
1086,2,0.00067071,0.00067116
1087,2,0.00067073,0.00067118
1088,2,0.00067095,0.00067141
1089,3,0.00067071,0.00067116
1090,2,0.00067072,0.00067117
1091,3,0.00067111,0.00067156
1092,2,0.00067108,0.00067154
1093,2,0.00067077,0.00067122
1094,-1,0.00067071,0.00067116
1095,1,0.00067151,0.00067196
1096,-1,0.00067121,0.00067167
1097,2,0.00067071,0.00067116
1098,-1,0.00067071,0.00067116
1099,5,0.00067071,0.00067116
1100,2,0.00067071,0.00067116
1101,2,0.00067747,0.0006779
1102,2,0.00067072,0.00067117
1103,2,0.00067148,0.00067194
1104,2,0.00067117,0.00067162
1105,2,0.00067076,0.00067121
1106,3,0.00067163,0.00067208
1107,-1,0.00067071,0.00067116
1108,2,0.00067458,0.00067504
1109,2,0.00067156,0.00067201
1110,-1,0.00067071,0.00067116
1111,-1,0.00067071,0.00067116
1112,1,0.00067178,0.00067224
1113,-1,0.00067099,0.00067144
1114,2,0.00067074,0.00067119
1115,-1,0.00067124,0.00067169
1116,2,0.00067078,0.00067123
1117,-1,0.00067096,0.00067142
1118,-1,0.00067071,0.00067116
1119,-1,0.00067073,0.00067119
1120,-1,0.00067071,0.00067116
1121,1,0.00067076,0.00067121
1122,2,0.00067071,0.00067116
1123,2,0.00067075,0.0006712
1124,2,0.00067073,0.00067118
1125,2,0.00067139,0.00067184
1126,2,0.00067141,0.00067186
1127,-1,0.00067076,0.00067121
1128,2,0.00067101,0.00067146
1129,2,0.00067073,0.00067118
1130,2,0.00067112,0.00067157
1131,4,0.00067737,0.00067783
1132,-1,0.00067071,0.00067116
1133,2,0.00067124,0.0006717
1134,2,0.00067071,0.00067116
1135,2,0.00067484,0.0006753
1136,2,0.00067071,0.00067116
1137,-1,0.00067071,0.00067116
1138,-1,0.00067071,0.00067116
1139,2,0.00067071,0.00067116
1140,-1,0.00067086,0.00067131
1141,2,0.00067097,0.00067142
1142,-1,0.00067071,0.00067116
1143,-1,0.00067071,0.00067116
1144,2,0.00067103,0.00067148
1145,2,0.00067071,0.00067116
1146,2,0.00067106,0.00067151
1147,-1,0.00067071,0.00067116
1148,2,0.00067071,0.00067116
1149,2,0.00067074,0.00067119
1150,1,0.00067134,0.00067179
1151,-1,0.00067071,0.00067116
1152,2,0.00067115,0.0006716
1153,1,0.00067156,0.00067201
1154,2,0.00067149,0.00067194
1155,-1,0.00067075,0.0006712
1156,2,0.00067071,0.00067116
1157,2,0.00067071,0.00067116
1158,2,0.00067071,0.00067116
1159,2,0.00067073,0.00067118
1160,2,0.00067071,0.00067116
1161,2,0.00067118,0.00067163
1162,2,0.00067185,0.0006723
1163,2,0.00067156,0.00067199
1164,2,0.00067093,0.00067138
1165,2,0.00067085,0.0006713
1166,2,0.00067098,0.00067143
1167,3,0.0006709,0.00067135
1168,-1,0.00067096,0.00067141
1169,3,0.00067072,0.00067117
1170,3,0.00067071,0.00067116
1171,-1,0.00067074,0.00067119
1172,2,0.00067178,0.00067223
1173,-1,0.00067071,0.00067116
1174,-1,0.00067071,0.00067116
1175,3,0.00067074,0.0006712
1176,-1,0.00067078,0.00067123
1177,1,0.00067306,0.00067348
1178,2,0.00067071,0.00067116
1179,1,0.00067075,0.0006712
1180,-1,0.00067076,0.00067121
1181,-1,0.00067071,0.00067116
1182,2,0.00067071,0.00067116
1183,4,0.00067136,0.00067181
1184,4,0.00067071,0.00067116
1185,2,0.00067307,0.00067352
1186,4,0.00067106,0.00067151
1187,2,0.00067198,0.00067243
1188,3,0.00067073,0.00067118
1189,-1,0.00067075,0.0006712
1190,2,0.00067071,0.00067116
1191,1,0.00067312,0.00067358
1192,3,0.00067223,0.00067269
1193,-1,0.00067136,0.00067181
1194,2,0.00067082,0.00067127
1195,2,0.00067128,0.00067171
1196,2,0.00067072,0.00067117
1197,2,0.00067071,0.00067116
1198,4,0.00067072,0.00067117
1199,3,0.00067088,0.00067133
1200,2,0.00067221,0.00067266
1201,2,0.00067081,0.00067126
1202,2,0.00067113,0.00067158
1203,3,0.00067073,0.00067119
1204,-1,0.00067072,0.00067117
1205,2,0.00067074,0.00067119
1206,3,0.00067082,0.00067127
1207,2,0.0006709,0.00067135
1208,-1,0.00067072,0.00067117
1209,1,0.00067145,0.00067191
1210,2,0.00067099,0.00067144
1211,2,0.00067083,0.00067128
1212,-1,0.00067085,0.0006713
1213,3,0.00067079,0.00067124
1214,2,0.00067168,0.00067213
1215,2,0.00067426,0.00067468
1216,-1,0.00067086,0.00067131
1217,2,0.00067103,0.00067149
1218,2,0.00067135,0.00067181
1219,2,0.00067074,0.00067119
1220,2,0.00067099,0.00067144
1221,2,0.00067112,0.00067157
1222,2,0.00067161,0.00067207
1223,1,0.00067147,0.00067192
1224,2,0.00067073,0.00067118
1225,3,0.00067076,0.00067121
1226,2,0.00067089,0.00067134
1227,2,0.00067196,0.00067241
1228,-1,0.00067071,0.00067116
1229,3,0.00067087,0.00067132
1230,-1,0.00067071,0.00067116
1231,1,0.00067503,0.00067546
1232,2,0.00067125,0.0006717
1233,3,0.00067071,0.00067116
1234,-1,0.00067114,0.00067159
1235,-1,0.00067071,0.00067116
1236,2,0.00067222,0.00067268
1237,-1,0.00067079,0.00067124
1238,2,0.00067088,0.00067133
1239,-1,0.00067109,0.00067154
1240,3,0.00067072,0.00067117
1241,-1,0.00067071,0.00067116
1242,2,0.00067072,0.00067118
1243,-1,0.00067071,0.00067116
1244,2,0.0006719,0.00067236
1245,1,0.00067084,0.00067129
1246,2,0.00067247,0.00067293
1247,-1,0.00067072,0.00067117
1248,-1,0.00067071,0.00067116
1249,3,0.00067086,0.00067131
1250,1,0.00067113,0.00067158
1251,2,0.00067075,0.0006712
1252,4,0.00067159,0.00067205
1253,3,0.00067084,0.00067129
1254,3,0.00067126,0.00067171
1255,2,0.00067123,0.00067168
1256,2,0.00067091,0.00067136
1257,3,0.00067087,0.00067132
1258,2,0.00067082,0.00067127
1259,-1,0.00067103,0.00067149
1260,-1,0.00067071,0.00067116
1261,-1,0.00067074,0.00067119
1262,-1,0.00067137,0.00067182
1263,-1,0.00067073,0.00067118
1264,2,0.00067095,0.0006714
1265,2,0.00067071,0.00067116
1266,2,0.00067085,0.0006713
1267,-1,0.00067082,0.00067128
1268,2,0.00067077,0.00067122
1269,2,0.00067093,0.00067139
1270,1,0.00067077,0.00067122
1271,2,0.00067075,0.0006712
1272,-1,0.00067071,0.00067116
1273,-1,0.00067081,0.00067126
1274,2,0.00067092,0.00067137
1275,2,0.00067233,0.00067279
1276,-1,0.00067145,0.0006719
1277,2,0.00067137,0.00067182
1278,2,0.00067083,0.00067129
1279,4,0.00067072,0.00067117
1280,3,0.00067093,0.00067138
1281,2,0.00067071,0.00067116
1282,-1,0.00067108,0.00067153
1283,-1,0.00067071,0.00067116
1284,-1,0.00067071,0.00067116
1285,-1,0.00067071,0.00067116
1286,-1,0.00067083,0.00067128
1287,2,0.00067083,0.00067128
1288,3,0.00067087,0.00067133
1289,-1,0.00067072,0.00067117
1290,2,0.00067089,0.00067134
1291,-1,0.00067073,0.00067118
1292,-1,0.00067071,0.00067116
1293,3,0.00067074,0.00067119
1294,-1,0.00067071,0.00067116
1295,2,0.00067101,0.00067146
1296,2,0.00067129,0.00067174
1297,2,0.00067071,0.00067116
1298,2,0.00067077,0.00067122
1299,-1,0.00067071,0.00067116
1300,2,0.00067077,0.00067122
1301,2,0.00067076,0.00067121
1302,-1,0.00067072,0.00067117
1303,-1,0.00067076,0.00067121
1304,2,0.00067071,0.00067116
1305,3,0.00067078,0.00067123
1306,1,0.00067073,0.00067118
1307,3,0.00067075,0.00067121
1308,2,0.00067136,0.00067181
1309,2,0.00067158,0.00067203
1310,3,0.00067122,0.00067167
1311,-1,0.00067071,0.00067116
1312,-1,0.00067071,0.00067116
1313,-1,0.00067116,0.00067158
1314,-1,0.00067073,0.00067118
1315,3,0.00067076,0.00067121
1316,-1,0.00067075,0.0006712
1317,2,0.00067141,0.00067186
1318,2,0.00067102,0.00067148
1319,-1,0.00067072,0.00067117
1320,2,0.00067287,0.00067333
1321,2,0.00067299,0.00067345
1322,2,0.00067074,0.00067119
1323,2,0.00067073,0.00067118
1324,-1,0.00067071,0.00067116
1325,1,0.00067148,0.00067193
1326,-1,0.00067086,0.00067131
1327,-1,0.00067071,0.00067116
1328,2,0.00067177,0.00067222
1329,2,0.00067188,0.00067233
1330,1,0.00067072,0.00067117
1331,3,0.00067071,0.00067116
1332,2,0.00067076,0.00067121
1333,3,0.00067115,0.0006716
1334,2,0.00067096,0.00067141
1335,-1,0.00067088,0.00067133
1336,2,0.00067071,0.00067116
1337,2,0.00067074,0.0006712
1338,2,0.00067137,0.00067183
1339,2,0.00067102,0.00067147
1340,3,0.00067072,0.00067117
1341,-1,0.00067072,0.00067118
1342,-1,0.00067076,0.00067121
1343,2,0.00067071,0.00067116
1344,3,0.00067076,0.00067122
1345,3,0.00067112,0.00067157
1346,2,0.00067133,0.00067179
1347,-1,0.00067071,0.00067116
1348,2,0.00067095,0.00067137
1349,2,0.00067072,0.00067117
1350,2,0.00067073,0.00067118
1351,2,0.00067183,0.00067228
1352,2,0.00067115,0.0006716
1353,2,0.00067071,0.00067116
1354,-1,0.00067107,0.00067153
1355,-1,0.00067073,0.00067118
1356,2,0.00067074,0.0006712
1357,2,0.00067083,0.00067128
1358,-1,0.00067071,0.00067116
1359,2,0.00067081,0.00067127
1360,2,0.00067286,0.00067332
1361,-1,0.00067073,0.00067118
1362,2,0.00067128,0.00067174
1363,-1,0.00067071,0.00067116
1364,3,0.00067274,0.0006732
1365,-1,0.00067073,0.00067118
1366,4,0.00067105,0.0006715
1367,2,0.00067074,0.00067119
1368,3,0.00067137,0.00067182
1369,2,0.00067108,0.00067153
1370,-1,0.00067071,0.00067116
1371,2,0.00067077,0.00067122
1372,3,0.00067105,0.0006715
1373,3,0.00067085,0.0006713
1374,2,0.00067141,0.00067184
1375,-1,0.00067205,0.0006725
1376,-1,0.00067071,0.00067116
1377,2,0.00067071,0.00067116
1378,3,0.00067149,0.00067194
1379,3,0.00067074,0.0006712
1380,3,0.00067071,0.00067116
1381,2,0.00067118,0.00067164
1382,-1,0.00067082,0.00067128
1383,2,0.00067095,0.0006714
1384,2,0.00067544,0.0006759
1385,3,0.00067072,0.00067117
1386,-1,0.00067071,0.00067116
1387,3,0.00067094,0.00067139
1388,-1,0.00067074,0.00067119
1389,2,0.0006709,0.00067135
1390,2,0.00067102,0.00067147
1391,2,0.00067071,0.00067116
1392,1,0.00067108,0.00067153
1393,2,0.00067072,0.00067117
1394,2,0.00067089,0.00067135
1395,3,0.00067084,0.0006713
1396,3,0.00067098,0.00067143
1397,-1,0.00067072,0.00067117
1398,-1,0.00067085,0.0006713
1399,2,0.00067083,0.00067129
1400,-1,0.00067071,0.00067116
1401,2,0.00067141,0.00067187
1402,3,0.00067272,0.00067317
1403,-1,0.00067156,0.00067201
1404,2,0.00067083,0.00067128
1405,-1,0.00067072,0.00067117
1406,2,0.00067106,0.00067152
1407,4,0.0006712,0.00067165
1408,2,0.00067403,0.00067448
1409,3,0.00067078,0.00067123
1410,-1,0.00067257,0.00067302
1411,2,0.00067264,0.0006731
1412,3,0.00067116,0.00067162
1413,2,0.00067173,0.00067219
1414,2,0.0006712,0.00067165
1415,2,0.00067075,0.0006712
1416,2,0.00067072,0.00067118
1417,2,0.00067071,0.00067116
1418,2,0.00067082,0.00067128
1419,2,0.00067099,0.00067144
1420,2,0.00067107,0.00067152
1421,2,0.00067144,0.0006719
1422,2,0.00067116,0.00067161
1423,2,0.00067132,0.00067177
1424,-1,0.00067071,0.00067116
1425,2,0.00067186,0.00067231
1426,2,0.00067097,0.00067142
1428,0,0.00067071,0.00067116
1429,2,0.00067119,0.00067165
1430,2,0.0006712,0.00067165
1431,1,0.00067095,0.0006714
1432,-1,0.00067188,0.00067233
1433,2,0.00067079,0.00067125
1434,2,0.00067073,0.00067118
1435,-1,0.00067089,0.00067134
1436,2,0.00067122,0.00067168
1437,3,0.00067087,0.00067132
1438,1,0.00067092,0.00067137
1439,2,0.00067111,0.00067156
1440,-1,0.00067073,0.00067118
1441,-1,0.00067088,0.00067133
1442,2,0.00067072,0.00067117
1443,3,0.00067071,0.00067116
1444,-1,0.00067133,0.00067178
1445,2,0.00067092,0.00067137
1446,1,0.00067098,0.00067143
1447,3,0.00067071,0.00067116
1448,3,0.00067071,0.00067116
1449,2,0.00067082,0.00067127
1450,3,0.00067078,0.00067124
1451,-1,0.00067094,0.00067139
1452,2,0.00067071,0.00067116
1453,-1,0.00067071,0.00067116
1454,-1,0.00067071,0.00067116
1455,3,0.00067072,0.00067117
1456,2,0.00067167,0.00067212
1457,3,0.000671,0.00067146
1458,3,0.00067077,0.00067122
1459,2,0.00067154,0.00067199
1460,2,0.00067077,0.00067122
1461,2,0.00067172,0.00067217
1462,1,0.00067071,0.00067116
1463,-1,0.00067117,0.00067162
1464,1,0.00067071,0.00067116
1465,-1,0.00067071,0.00067116
1466,-1,0.00067071,0.00067116
1467,-1,0.00067071,0.00067116
1468,2,0.00067072,0.00067117
1469,3,0.00067073,0.00067118
1470,2,0.00067071,0.00067116
1471,2,0.00067088,0.00067133
1472,2,0.00067079,0.00067124
1473,2,0.00067118,0.00067163
1474,3,0.00067071,0.00067116
1475,2,0.0006713,0.00067173
1476,2,0.00067081,0.00067126
1477,2,0.00067157,0.00067203
1478,3,0.0006711,0.00067155
1479,1,0.00067498,0.00067541
1480,1,0.00067071,0.00067116
1481,-1,0.00067072,0.00067117
1482,-1,0.00067229,0.00067274
1483,2,0.00067071,0.00067116
1484,-1,0.00067072,0.00067117
1485,-1,0.00067073,0.00067118
1486,2,0.00067072,0.00067117
1487,2,0.00067162,0.00067207
1488,3,0.00067076,0.00067121
1489,-1,0.00067079,0.00067124
1490,2,0.00067073,0.00067118
